TripID	StartLongitude	StartLatitude	Start	EndLongitude	EndLatitude	End
BDNF52-2x1r1p,-80.18966,25.7651,2013-05-17 18:16:41,-80.13881,25.79136,2013-05-17 18:48:11
BGDN54-8n0v4r,-80.213,25.77477,2013-05-17 18:18:11,-80.25448,25.75669,2013-05-17 18:33:40
BDNF55-4m6j1g,-80.193,25.76274,2013-05-17 18:18:40,-80.2288,25.75099,2013-05-17 18:32:40
BGDK12-0y3z5q,-80.13321,25.77506,2013-05-17 18:19:41,-80.13321,25.77506,2013-05-17 18:21:40
BGDK09-7j4i8e,-80.23683,25.73591,2013-05-17 18:21:11,-80.25387,25.74902,2013-05-17 18:32:40
BDNF57-6j7i5p,-80.13321,25.77506,2013-05-17 18:21:40,-80.13321,25.77506,2013-05-17 18:24:11
BJPI47-4t2r4y,-80.19123,25.80274,2013-05-17 18:23:10,-80.19744,25.80147,2013-05-17 18:33:40
BGDN94-0e6e5o,-80.19472,25.76346,2013-05-17 18:23:10,-80.24818,25.72486,2013-05-17 18:39:11
BKLJ91-0w2j6v,-80.19092,25.78295,2013-05-17 18:23:40,-80.20925,25.78106,2013-05-17 18:35:41
BDNF80-2e0t8y,-80.13321,25.77506,2013-05-17 18:24:11,-80.13321,25.77506,2013-05-17 18:28:10
BKMB28-0t0g0v,-80.2389,25.73058,2013-05-17 18:27:11,-80.2389,25.73058,2013-05-17 18:27:41
BKMB05-1u4z1e,-80.13321,25.77506,2013-05-17 18:28:10,-80.13321,25.77506,2013-05-17 18:30:11
BKMB23-1u1x0e,-80.22032,25.75085,2013-05-17 18:28:10,-80.23834,25.76496,2013-05-18 12:27:40
BKMB41-3d3i5o,-80.2212,25.76636,2013-05-17 18:28:10,-80.19303,25.76234,2013-05-17 18:40:41
BDNF18-6k1i2z,-80.19119,25.7621,2013-05-17 18:28:41,-80.18935,25.82543,2013-05-17 18:43:11
BKMB12-3f4m6a,-80.19715,25.79415,2013-05-17 18:36:40,-80.19715,25.79415,2013-05-17 18:52:41
BJPI27-5g6a0t,-80.19873,25.81855,2013-05-17 18:38:40,-80.19406,25.78442,2013-05-17 18:58:41
BJPI25-2f0y0i,-80.18669,25.78005,2013-05-17 18:40:10,-80.18826,25.80025,2013-05-18 17:11:10
BJPI55-2c2q4t,-80.13881,25.79136,2013-05-17 18:40:41,-80.13881,25.79136,2013-05-17 19:12:11
BKMB25-1f4d3l,-80.19594,25.76249,2013-05-17 18:42:11,-80.19734,25.76232,2013-05-17 18:45:11
BDNF18-2d5o2h,-80.18935,25.82543,2013-05-17 18:43:42,-80.18935,25.82543,2013-05-17 18:44:11
BJPI32-1r7e2z,-80.19574,25.76148,2013-05-17 18:49:10,-80.20249,25.76263,2013-05-17 18:57:41
BJPI42-5t8i2r,-80.25068,25.76581,2013-05-17 18:51:40,-80.20001,25.76813,2013-05-17 19:21:11
BKMB42-0w1i7a,-80.21116,25.77659,2013-05-17 18:52:41,-80.18858,25.77464,2013-05-17 21:23:11
BDNF76-8k3e8u,-80.18844,25.79907,2013-05-17 18:52:41,-80.18844,25.79907,2013-05-17 19:24:11
BDNF56-8i8p6n,-80.2022,25.81319,2013-05-17 18:53:41,-80.20186,25.81404,2013-05-17 21:41:40
BJPI54-8v8h0m,-80.19711,25.82635,2013-05-17 18:55:41,-80.19712,25.82637,2013-05-17 19:19:41
BJPI57-8k0x8j,-80.18949,25.76567,2013-05-17 18:59:41,-80.14632,25.84504,2013-05-17 20:08:41
BJPI25-5r6o1g,-80.18671,25.78008,2013-05-17 19:01:41,-80.13321,25.77506,2013-05-17 19:16:10
BGDK21-5f4s8z,-80.22563,25.77982,2013-05-17 19:04:10,-80.22162,25.7469,2013-05-17 19:40:41
BKMB28-8g7l0p,-80.2389,25.73058,2013-05-17 19:04:41,-80.25273,25.73205,2013-05-17 19:41:41
BDNF17-7e8l4j,-80.19328,25.81945,2013-05-17 19:04:41,-80.13881,25.79136,2013-05-17 20:11:40
BGDN94-6h3c6d,-80.24818,25.72486,2013-05-17 19:07:10,-80.2482,25.72486,2013-05-17 19:17:10
BJPI27-5h6i8m,-80.19406,25.78442,2013-05-17 19:10:41,-80.193,25.76294,2013-05-17 19:21:40
BJPI26-3y6i0e,-80.23801,25.74161,2013-05-17 19:13:41,-80.24625,25.73626,2013-05-17 19:18:41
BKMB22-6w3w0r,-80.22143,25.77408,2013-05-17 19:16:10,-80.13321,25.77506,2013-05-17 19:57:11
BKMB39-1r0w3h,-80.19411,25.78528,2013-05-17 19:16:10,-80.20434,25.81846,2013-05-17 19:32:10
BDNF52-2i8u0c,-80.13881,25.79136,2013-05-17 19:16:10,-80.13881,25.79136,2013-05-17 19:19:10
BJPI45-8i4r5l,-80.18648,25.82912,2013-05-17 19:17:10,-80.18648,25.82912,2013-05-17 19:36:11
BDNF06-6v5w5o,-80.19602,25.76344,2013-05-17 19:18:11,-80.21292,25.76918,2013-05-17 19:26:40
BKLJ83-2p1c8x,-80.13881,25.79136,2013-05-17 19:19:41,-80.19293,25.76314,2013-05-17 19:52:10
BKLJ92-2v4k8a,-80.13881,25.79136,2013-05-17 19:23:10,-80.18846,25.79916,2013-05-17 19:47:10
BDNF05-2j6f0a,-80.20544,25.80697,2013-05-17 19:24:11,-80.20016,25.80008,2013-05-17 19:31:41
BKLJ89-8u2k8l,-80.25424,25.75023,2013-05-17 19:26:40,-80.21602,25.77451,2013-05-17 20:08:41
BLQR01-4i4i6t,-80.20543,25.75693,2013-05-17 19:28:41,-80.20543,25.75693,2013-05-17 19:29:10
BDNF10-6p8s7z,-80.22034,25.76153,2013-05-17 19:28:41,-80.22036,25.76151,2013-05-17 19:42:40
BDNF55-5g0s6f,-80.2288,25.75099,2013-05-17 19:29:41,-80.2288,25.75099,2013-05-17 19:30:41
BJPI51-5i3c3x,-80.19575,25.76831,2013-05-17 19:31:11,-80.13881,25.79136,2013-05-17 19:52:10
BDNF55-1a4e6p,-80.2288,25.75099,2013-05-17 19:31:11,-80.19739,25.7569,2013-05-17 20:00:11
BGDK20-8c1y3i,-80.18865,25.80603,2013-05-17 19:31:41,-80.19467,25.77167,2013-05-17 19:51:11
BDNF76-5x1c2c,-80.18844,25.79907,2013-05-17 19:33:11,-80.18844,25.79907,2013-05-17 19:35:11
362YLN-6m6e5h,-80.18833,25.79258,2013-05-17 19:35:11,-80.18833,25.79258,2013-05-17 19:35:40
BDNF76-6v0x1e,-80.18844,25.79907,2013-05-17 19:35:40,-80.18773,25.7925,2013-05-17 20:59:40
BKLJ99-5k4d3m,-80.18346,25.83731,2013-05-17 19:37:10,-80.18342,25.83728,2013-05-17 19:41:41
362YLN-7b0w4u,-80.18833,25.79258,2013-05-17 19:40:41,-80.20445,25.759,2013-05-30 17:59:51
BJPI67-4p8a7h,-80.19824,25.81499,2013-05-17 19:41:41,-80.19491,25.81945,2013-05-17 19:46:11
BDNF10-6f5x5x,-80.22036,25.76151,2013-05-17 19:43:10,-80.22036,25.76151,2013-05-17 19:43:41
BJPI42-4f4m7q,-80.20001,25.76813,2013-05-17 19:44:41,-80.21287,25.76739,2013-05-17 19:50:41
BGDK10-5q0i5d,-80.15982,25.84994,2013-05-17 19:46:11,-80.18907,25.7763,2013-05-17 20:09:11
BJPI42-0q8m8m,-80.21287,25.76739,2013-05-17 19:51:41,-80.21287,25.76739,2013-05-17 19:52:10
BGDK20-5s6e0c,-80.19467,25.77167,2013-05-17 19:51:41,-80.19467,25.77167,2013-05-17 19:52:10
BDNF28-3w2z3l,-80.1991,25.79931,2013-05-17 19:52:10,-80.18827,25.79398,2013-05-17 20:00:11
BJPI51-0m8x2i,-80.13881,25.79136,2013-05-17 19:55:41,-80.19032,25.77509,2013-05-17 20:19:10
BJPI47-0x5d0n,-80.19744,25.80147,2013-05-17 19:55:41,-80.19744,25.80147,2013-05-17 20:26:11
BKMB18-6j8v3n,-80.19645,25.76439,2013-05-17 20:00:11,-80.1941,25.80589,2013-05-17 20:18:12
BKMB52-4c1f3r,-80.1889,25.80519,2013-05-17 20:03:11,-80.2155,25.76558,2013-05-17 20:19:41
BKMB41-7l2k8r,-80.19303,25.76234,2013-05-17 20:03:41,-80.19167,25.77338,2013-05-17 20:19:10
BKLJ93-3n4y0w,-80.20785,25.78415,2013-05-17 20:04:41,-80.2095,25.77485,2013-05-17 20:30:11
BGDK21-2a4k8d,-80.22162,25.7469,2013-05-17 20:04:41,-80.18679,25.79229,2013-05-17 20:19:10
BJPI45-2p5a0e,-80.18648,25.82912,2013-05-17 20:13:11,-80.18648,25.82913,2013-05-17 20:23:41
BGDN56-7r1m1p,-80.19322,25.80611,2013-05-17 20:16:41,-80.20427,25.7687,2013-05-17 20:57:11
365TAK-2t8b5l,-80.21502,25.76202,2013-05-17 20:16:41,-80.13321,25.77506,2013-05-17 21:28:41
BDNF43-6y4d1r,-80.25527,25.77831,2013-05-17 20:17:41,-80.21445,25.80792,2013-05-17 20:33:11
BLQR01-1g5s3i,-80.20543,25.75693,2013-05-17 20:18:12,-80.2055,25.7569,2013-05-17 20:41:41
BJPI67-6u0j7k,-80.19491,25.81945,2013-05-17 20:22:11,-80.1943,25.78484,2013-05-17 20:55:41
BGDN99-6q2o8a,-80.25412,25.78001,2013-05-17 20:22:11,-80.22482,25.77097,2013-05-17 20:32:41
BDNF12-5c3k0t,-80.19971,25.80075,2013-05-17 20:23:10,-80.19101,25.78491,2013-05-17 20:34:41
BGDN88-5t2w7t,-80.19886,25.7961,2013-05-17 20:24:40,-80.19886,25.7961,2013-05-17 20:56:40
BJPI54-3u7u3y,-80.19712,25.82637,2013-05-17 20:25:41,-80.19713,25.82633,2013-05-17 23:14:41
BKMB28-0z6z5j,-80.25273,25.73205,2013-05-17 20:28:41,-80.25273,25.73205,2013-05-17 20:36:11
579TAI-3o6n4m,-80.19301,25.7636,2013-05-17 20:28:41,-80.13321,25.77506,2013-05-17 20:54:11
BJPI55-5i1k7r,-80.13881,25.79136,2013-05-17 20:30:11,-80.18961,25.78244,2013-05-17 20:49:11
BELV90-5v4d6m,-80.21478,25.76578,2013-05-17 20:31:41,-80.21742,25.76354,2013-05-17 20:35:41
BKLJ99-0m8e3n,-80.18342,25.83728,2013-05-17 20:33:41,-80.19952,25.81892,2013-05-18 07:35:10
BELV97-4y1q6f,-80.24378,25.72811,2013-05-17 20:33:41,-80.25371,25.73384,2013-05-17 20:39:40
BKLJ79-7n7w5d,-80.19307,25.80822,2013-05-17 20:34:41,-80.13881,25.79136,2013-05-17 20:49:41
BKLJ85-4p7f8w,-80.19219,25.7659,2013-05-17 20:35:41,-80.23805,25.74299,2013-05-17 20:54:41
BKMB45-0n8d0u,-80.23169,25.75814,2013-05-17 20:37:41,-80.23657,25.75825,2013-05-17 20:52:41
BELV97-7e4j1u,-80.25371,25.73384,2013-05-17 20:40:11,-80.25371,25.73384,2013-05-17 20:40:41
BJPI47-1d8r0n,-80.19744,25.80147,2013-05-17 20:43:10,-80.18863,25.81339,2013-05-17 20:49:11
BGDK21-2w1l1t,-80.18679,25.79229,2013-05-17 20:43:10,-80.18402,25.8472,2013-05-17 20:55:41
BKMB41-2h0s2h,-80.19167,25.77338,2013-05-17 20:44:10,-80.1952,25.76392,2013-05-17 20:52:10
BKLJ85-7q4v5z,-80.23805,25.74299,2013-05-17 20:55:10,-80.23805,25.74299,2013-05-17 20:55:41
BJPI55-1i4b3t,-80.18961,25.78244,2013-05-17 20:56:40,-80.19327,25.7875,2013-05-17 21:09:11
BJPI25-6l8e4j,-80.13321,25.77506,2013-05-17 21:05:11,-80.18865,25.80523,2013-05-17 21:19:11
BDNF76-1y3v2y,-80.18773,25.7925,2013-05-17 21:06:41,-80.25313,25.7195,2013-05-31 02:50:51
BGDK01-3k5c5o,-80.18798,25.78908,2013-05-17 21:07:41,-80.13881,25.79136,2013-05-17 21:29:40
BELV90-1c7v7n,-80.21742,25.76354,2013-05-17 21:07:41,-80.15639,25.85042,2013-05-17 22:32:11
BGDK04-2i4f4n,-80.19227,25.81014,2013-05-17 21:11:41,-80.14771,25.84542,2013-05-17 21:29:40
BGDN88-5c7d3m,-80.19886,25.7961,2013-05-17 21:17:41,-80.19403,25.7684,2013-05-17 21:46:41
BDNF11-6d4h5b,-80.19009,25.76384,2013-05-17 21:18:11,-80.22831,25.76972,2013-05-17 21:30:11
BDNF19-7e0d6j,-80.20741,25.7539,2013-05-17 21:18:11,-80.21546,25.76552,2013-05-20 08:48:11
362YLN-4w0a5a,-80.18832,25.79259,2013-05-17 21:19:41,-80.19409,25.7819,2013-05-17 21:27:41
BKMB41-8r5l8e,-80.1952,25.76392,2013-05-17 21:22:10,-80.23704,25.74337,2013-05-17 21:31:11
BKMB19-0a7f6l,-80.18917,25.81954,2013-05-17 21:23:11,-80.18917,25.81954,2013-05-17 21:23:40
BGDN92-0m5j1s,-80.2493,25.73178,2013-05-17 21:23:11,-80.2493,25.73178,2013-05-17 21:23:40
BKMB42-7o1h6u,-80.18858,25.77464,2013-05-17 21:23:40,-80.19577,25.78321,2013-05-17 21:34:41
BKMB19-3w4d4u,-80.18917,25.81954,2013-05-17 21:24:11,-80.18712,25.80505,2013-05-17 21:33:41
BGDN92-8r5v7m,-80.2493,25.73178,2013-05-17 21:24:11,-80.22923,25.79918,2013-05-17 22:11:10
BDNF76-4e0k5i,-80.18768,25.79253,2013-05-17 21:26:11,-80.1942,25.76345,2013-05-17 21:46:41
365TAK-6x2t5w,-80.13321,25.77506,2013-05-17 21:29:11,-80.13321,25.77506,2013-05-17 21:29:40
BJPI51-7s2t7w,-80.19032,25.77509,2013-05-17 21:30:11,-80.13321,25.77506,2013-05-17 22:10:11
365TAK-3i5r7x,-80.13321,25.77506,2013-05-17 21:34:41,-80.13321,25.77506,2013-05-17 21:35:11
BKMB42-6n5q1j,-80.19577,25.78321,2013-05-17 21:35:11,-80.19577,25.78321,2013-05-17 21:35:40
365TAK-7u6j8g,-80.13321,25.77506,2013-05-17 21:35:40,-80.18699,25.77299,2013-05-17 22:46:41
BDNF72-6a8d6g,-80.19882,25.79982,2013-05-17 21:38:11,-80.19343,25.76809,2013-05-17 21:48:41
BKLJ80-5u6z3o,-80.19908,25.79927,2013-05-17 21:42:11,-80.17406,25.84779,2013-05-29 22:09:21
BGDN99-2w0o2j,-80.22482,25.77097,2013-05-17 21:42:11,-80.19718,25.76638,2013-05-17 21:51:40
BGDK05-4o6x6s,-80.19624,25.76639,2013-05-17 21:43:10,-80.19466,25.76354,2013-05-17 21:51:40
BJPI40-2y8l4f,-80.19757,25.81451,2013-05-17 21:44:11,-80.20274,25.81106,2013-05-17 22:00:40
BJPI27-6w0n6b,-80.193,25.76294,2013-05-17 21:46:10,-80.193,25.76294,2013-05-17 22:17:41
BDNF21-6z0i8e,-80.24059,25.72983,2013-05-17 21:49:11,-80.19899,25.76468,2013-05-17 22:02:10
BKLJ83-8z0n7o,-80.19293,25.76314,2013-05-17 21:52:11,-80.18988,25.7772,2013-05-17 22:09:11
BKMB29-2x0n6d,-80.19933,25.79953,2013-05-17 21:52:41,-80.19933,25.79953,2013-05-17 21:53:10
BKMB29-4t6x7e,-80.19933,25.79953,2013-05-17 21:53:41,-80.13321,25.77506,2013-05-17 22:14:41
BKMB17-3t3t2x,-80.25536,25.78273,2013-05-17 21:57:11,-80.187,25.82849,2013-05-20 07:21:11
BJPI73-8v0x7l,-80.20938,25.7551,2013-05-17 22:08:41,-80.23952,25.73042,2013-05-17 22:31:11
BJPI48-3s4l3n,-80.19267,25.76413,2013-05-17 22:10:11,-80.21741,25.75092,2013-05-18 06:01:41
BDNF72-8v6g6i,-80.19343,25.76809,2013-05-17 22:16:41,-80.19343,25.76809,2013-05-17 22:17:41
362YLN-5q1m0b,-80.19409,25.7819,2013-05-17 22:18:11,-80.19409,25.7819,2013-05-17 22:19:10
BGDK05-3i6e1a,-80.19466,25.76354,2013-05-17 22:20:41,-80.18794,25.77268,2013-05-17 22:37:41
BGDK20-8g6q0t,-80.19467,25.77167,2013-05-17 22:20:41,-80.19467,25.77167,2013-05-17 22:28:41
BKLJ85-2h0h4f,-80.23805,25.74299,2013-05-17 22:21:11,-80.24348,25.7286,2013-05-17 22:56:10
BELV95-2t1q3u,-80.19231,25.81009,2013-05-17 22:25:41,-80.19231,25.81009,2013-05-17 22:26:11
BELV95-1f1y3j,-80.19231,25.81009,2013-05-17 22:26:41,-80.19231,25.81009,2013-05-17 22:32:11
BGDK11-6k5t5r,-80.21121,25.79986,2013-05-17 22:31:11,-80.21735,25.80175,2013-05-17 22:40:10
BJPI68-1b6o1l,-80.19248,25.80967,2013-05-17 22:32:11,-80.19013,25.77616,2013-05-17 22:39:41
BELV92-0s8a2j,-80.19271,25.76364,2013-05-17 22:41:41,-80.19914,25.79937,2013-05-17 23:04:10
BGDK05-3q1k5p,-80.18794,25.77268,2013-05-17 22:43:11,-80.21879,25.77049,2013-05-17 22:58:41
BDNF11-2a6s3r,-80.22831,25.76972,2013-05-17 22:55:42,-80.25416,25.77997,2013-05-17 23:08:40
BKLJ80-8x6c3q,-80.19912,25.79924,2013-05-17 22:58:41,-80.19836,25.79912,2013-05-17 23:00:11
BKLJ92-1g0v6b,-80.18846,25.79916,2013-05-17 23:02:10,-80.18846,25.79916,2013-05-17 23:33:11
BDNF17-2x6f1p,-80.13881,25.79136,2013-05-17 23:02:10,-80.20266,25.7504,2013-05-17 23:33:11
362YLN-1m0d6m,-80.19409,25.7819,2013-05-17 23:04:10,-80.20257,25.75023,2013-05-17 23:26:41
BDNF76-6c8l6e,-80.1942,25.76345,2013-05-17 23:07:11,-80.19066,25.77622,2013-05-17 23:17:40
BGDK11-4y7s1y,-80.21735,25.80175,2013-05-17 23:07:11,-80.21171,25.80503,2013-05-17 23:10:41
BDNF51-8h7a1v,-80.21547,25.75926,2013-05-17 23:08:40,-80.21247,25.8099,2013-05-17 23:39:41
BKMB41-1x8u6u,-80.23704,25.74337,2013-05-17 23:09:11,-80.23704,25.74337,2013-05-17 23:11:41
BGDN97-4u5c1m,-80.20455,25.77946,2013-05-17 23:11:10,-80.20456,25.77902,2013-05-17 23:14:41
BJPI29-0n7z8g,-80.2378,25.74134,2013-05-17 23:14:11,-80.19028,25.76187,2013-05-17 23:55:41
BKLJ80-0b8d5d,-80.19836,25.79912,2013-05-17 23:19:11,-80.19277,25.80807,2013-05-17 23:28:11
BKLJ84-5a2r0q,-80.19288,25.76331,2013-05-17 23:22:41,-80.19578,25.76801,2013-05-17 23:31:10
BDNF69-7o6q3q,-80.21534,25.76532,2013-05-17 23:23:41,-80.19276,25.8134,2013-05-17 23:32:41
BGDK04-2t8b8l,-80.14771,25.84542,2013-05-17 23:23:41,-80.147,25.84552,2013-05-18 02:20:10
BELV92-8w1o1u,-80.19914,25.79937,2013-05-17 23:23:41,-80.19835,25.79913,2013-05-17 23:25:41
BKMB45-3d5k8s,-80.23657,25.75825,2013-05-17 23:24:11,-80.23657,25.75825,2013-05-17 23:55:11
BELV92-8c2g3o,-80.19835,25.79913,2013-05-17 23:26:10,-80.19835,25.79913,2013-05-17 23:26:41
BJPI40-8u4m1s,-80.20274,25.81106,2013-05-17 23:32:10,-80.20273,25.81106,2013-05-18 00:12:40
BKMB04-8x8v0a,-80.25281,25.74906,2013-05-17 23:33:11,-80.18914,25.77529,2013-05-17 23:47:41
BGDN98-8h1k3m,-80.19469,25.76057,2013-05-17 23:35:40,-80.23482,25.76493,2013-05-17 23:47:41
BJPI68-4y2h6p,-80.19013,25.77616,2013-05-17 23:37:41,-80.19011,25.77625,2013-05-17 23:50:41
365TAK-3b1j6c,-80.18699,25.77299,2013-05-17 23:50:41,-80.18648,25.79265,2013-05-17 23:57:11
BGDK17-7m5i0n,-80.19846,25.75384,2013-05-17 23:52:41,-80.19846,25.75384,2013-05-17 23:53:10
BGDK17-7k4z3h,-80.19846,25.75384,2013-05-17 23:56:40,-80.18386,25.83723,2013-06-07 15:20:47
BDNF26-5i3z5d,-80.19958,25.79957,2013-05-17 23:58:10,-80.1944,25.78375,2013-05-18 00:07:41
BJPI67-8t3y7w,-80.1943,25.78484,2013-05-18 00:04:11,-80.19067,25.79107,2013-05-18 00:12:11
BDNF22-8e1q8i,-80.19274,25.76374,2013-05-18 00:09:11,-80.18981,25.77344,2013-05-18 00:16:41
BJPI59-6o0f8q,-80.18907,25.75931,2013-05-18 00:10:10,-80.20269,25.7507,2013-05-18 00:16:41
BKMB14-5p5g0e,-80.24357,25.72685,2013-05-18 00:12:11,-80.19578,25.78236,2013-05-18 00:23:40
BDNF22-0d6f4n,-80.18981,25.77344,2013-05-18 00:24:11,-80.23841,25.73545,2013-05-18 00:33:40
BELV92-8d1o0p,-80.19835,25.79913,2013-05-18 00:37:41,-80.242,25.7844,2013-05-18 00:55:11
BDNF40-7t3z8q,-80.25396,25.74903,2013-05-18 00:46:10,-80.13881,25.79136,2013-05-18 01:10:41
BJPI29-3k2w3q,-80.19028,25.76187,2013-05-18 00:52:41,-80.19575,25.76608,2013-05-18 00:58:41
BGDK02-3g6h6g,-80.18606,25.84766,2013-05-18 01:01:41,-80.19391,25.78891,2013-05-18 01:22:41
BKLJ85-4u2w8d,-80.24348,25.7286,2013-05-18 01:07:10,-80.24939,25.73704,2013-05-18 01:20:41
BDNF26-5i8r6x,-80.1944,25.78375,2013-05-18 01:07:41,-80.18373,25.84725,2013-05-18 01:19:11
BDNF04-8a7y7k,-80.20648,25.76408,2013-05-18 01:17:41,-80.20648,25.76408,2013-05-18 01:22:10
BGDK17-6q1s7a,-80.19847,25.75384,2013-05-18 01:17:41,-80.19639,25.75584,2013-05-18 02:21:41
BKMB42-8q4n3h,-80.19577,25.78321,2013-05-18 01:18:11,-80.19263,25.76395,2013-05-18 01:31:11
BDNF26-0g6t8x,-80.18373,25.84725,2013-05-18 01:19:41,-80.18373,25.84725,2013-05-18 01:20:10
BKMB24-6o4i3c,-80.19291,25.76327,2013-05-18 01:20:10,-80.19291,25.76327,2013-05-18 01:21:11
BKLJ85-1u6y6d,-80.24939,25.73704,2013-05-18 01:21:11,-80.24939,25.73704,2013-05-18 01:22:10
BDNF26-8a6e7h,-80.18373,25.84725,2013-05-18 01:21:11,-80.18373,25.84725,2013-05-18 01:22:10
BJPI27-0l2b5o,-80.193,25.76294,2013-05-18 01:22:10,-80.20563,25.76364,2013-05-18 01:32:41
BKMB24-5f1p6s,-80.19291,25.76327,2013-05-18 01:22:10,-80.19291,25.76327,2013-05-18 01:52:10
BJPI60-8i7i8v,-80.21544,25.76555,2013-05-18 01:24:11,-80.24467,25.76394,2013-05-18 01:37:41
BJPI40-4k6o2q,-80.20273,25.81106,2013-05-18 01:30:11,-80.20272,25.81106,2013-05-18 01:40:41
BKLJ98-8n5s0e,-80.13881,25.79136,2013-05-18 01:31:11,-80.19229,25.81867,2013-05-18 01:51:11
BJPI27-3p8a8a,-80.20563,25.76364,2013-05-18 01:33:12,-80.20563,25.76364,2013-05-18 01:33:41
BDNF64-6n6z1w,-80.19982,25.81332,2013-05-18 01:41:41,-80.18841,25.79229,2013-05-18 01:47:11
BJPI29-8c1k3b,-80.19575,25.76608,2013-05-18 01:42:41,-80.19575,25.76608,2013-05-18 01:43:10
BDNF27-1q1d7v,-80.13321,25.77506,2013-05-18 01:42:41,-80.13321,25.77506,2013-05-18 01:43:10
BJPI29-6a6m3j,-80.19575,25.76608,2013-05-18 01:43:41,-80.18984,25.76156,2013-05-18 01:49:41
BDNF27-5v0y0q,-80.13321,25.77506,2013-05-18 01:43:41,-80.18905,25.80494,2013-05-20 09:55:41
BKMB22-8j3v7y,-80.13321,25.77506,2013-05-18 01:45:41,-80.19099,25.77605,2013-05-18 02:09:11
BKLJ88-5d8y6b,-80.21536,25.76532,2013-05-18 01:46:41,-80.21751,25.76408,2013-05-18 02:19:41
BDNF64-1e5y5u,-80.18841,25.79229,2013-05-18 01:48:11,-80.18841,25.79229,2013-05-18 01:48:41
BKMB42-0w1m1m,-80.19263,25.76395,2013-05-18 01:52:10,-80.20439,25.7574,2013-05-18 02:12:41
BDNF78-6u4q8d,-80.13321,25.77506,2013-05-18 01:54:41,-80.23166,25.75811,2013-05-18 02:28:41
BJPI29-3a8g4a,-80.18984,25.76156,2013-05-18 01:56:40,-80.18984,25.76156,2013-05-18 01:58:41
BJPI29-7i0f0j,-80.18984,25.76156,2013-05-18 01:59:11,-80.23597,25.74333,2013-05-18 02:07:41
BKMB24-4b7s1d,-80.19291,25.76327,2013-05-18 02:01:41,-80.18781,25.79331,2013-05-18 02:21:11
BKLJ83-6o2v6l,-80.18988,25.7772,2013-05-18 02:06:11,-80.21191,25.75329,2013-05-18 02:19:41
BJPI32-7a0c5j,-80.20249,25.76263,2013-05-18 02:07:10,-80.19501,25.77156,2013-05-18 02:22:41
BJPI44-4l4b7t,-80.21201,25.78861,2013-05-18 02:14:41,-80.19513,25.76358,2013-05-18 02:26:41
BJPI68-6i8a8w,-80.19011,25.77625,2013-05-18 02:19:41,-80.18588,25.78967,2013-05-18 02:25:41
BJPI56-1a5u2q,-80.21187,25.75325,2013-05-18 02:25:11,-80.21187,25.75325,2013-05-18 02:26:10
BJPI68-6q0h8u,-80.18588,25.78967,2013-05-18 02:26:10,-80.18588,25.78967,2013-05-18 02:26:41
BJPI56-5f5i4w,-80.21187,25.75325,2013-05-18 02:26:41,-80.19433,25.76348,2013-05-18 02:31:11
BJPI40-2h7a7f,-80.20272,25.81106,2013-05-18 02:32:41,-80.20272,25.81106,2013-05-18 02:33:11
BJPI40-0e5i4i,-80.20272,25.81106,2013-05-18 02:33:40,-80.20271,25.81108,2013-05-18 02:59:11
BJPI44-5r3o6v,-80.19513,25.76358,2013-05-18 02:42:40,-80.23846,25.73547,2013-05-18 02:59:11
BJPI25-7r6u3b,-80.18865,25.80523,2013-05-18 03:06:41,-80.18494,25.84316,2013-05-18 03:29:40
BGDK21-6y8p2p,-80.18402,25.8472,2013-05-18 03:28:41,-80.19028,25.7936,2013-05-18 03:37:41
BJPI25-6n2q6f,-80.18494,25.84316,2013-05-18 03:30:11,-80.18494,25.84316,2013-05-18 03:30:40
BDNF06-6b7x7k,-80.21292,25.76918,2013-05-18 03:41:41,-80.1903,25.77774,2013-05-18 03:57:11
BDNF69-7n0a3t,-80.19276,25.8134,2013-05-18 03:49:11,-80.21241,25.76494,2013-05-18 03:59:41
BJPI40-2u6d7e,-80.20271,25.81108,2013-05-18 03:50:41,-80.20819,25.79153,2013-06-10 12:28:23
BJPI64-1n0d7v,-80.21537,25.76535,2013-05-18 03:51:40,-80.21534,25.76535,2013-05-18 04:26:41
BDNF12-2p2p4m,-80.19101,25.78491,2013-05-18 03:54:11,-80.19061,25.78348,2013-05-18 07:22:41
BGDN52-0s4j2s,-80.21557,25.76551,2013-05-18 03:55:10,-80.21563,25.76539,2013-05-18 03:58:41
BDNF41-4i2s0t,-80.24555,25.72827,2013-05-18 03:58:41,-80.24555,25.72827,2013-05-18 04:29:41
BGDN52-4u8s2t,-80.21556,25.76548,2013-05-18 03:58:41,-80.21562,25.76541,2013-05-18 04:02:10
BJPI25-8w7f8w,-80.18494,25.84316,2013-05-18 03:58:41,-80.18829,25.80026,2013-05-18 04:09:40
BGDN52-1y4n3f,-80.21563,25.76539,2013-05-18 04:02:10,-80.21553,25.76547,2013-05-18 04:17:41
BGDN96-5a4o7g,-80.25381,25.73708,2013-05-18 04:03:11,-80.25381,25.73708,2013-05-18 04:03:40
BGDN96-1u4g8t,-80.25381,25.73708,2013-05-18 04:04:10,-80.20938,25.76594,2013-05-18 04:27:41
BKMB20-4i8x0c,-80.13321,25.77506,2013-05-18 04:15:41,-80.21536,25.76533,2013-05-18 09:37:41
BGDN52-1q6x2v,-80.21562,25.76541,2013-05-18 04:17:41,-80.19841,25.75396,2013-05-20 07:45:11
BJPI55-4e3b8b,-80.19327,25.7875,2013-05-18 04:18:11,-80.18953,25.79366,2013-05-18 04:23:41
BGDN52-0v2b1r,-80.21553,25.76547,2013-05-18 04:18:11,-80.21543,25.76554,2013-05-18 04:21:11
BDNF76-3o7u1n,-80.19066,25.77622,2013-05-18 04:21:11,-80.19599,25.84059,2013-05-18 04:43:11
BJPI40-5u2j3v,-80.20271,25.81106,2013-05-18 04:22:41,-80.19857,25.81425,2013-05-18 05:15:40
BJPI64-4a0b1m,-80.21534,25.76535,2013-05-18 04:27:11,-80.21534,25.76535,2013-05-18 04:27:41
BGDN54-5y0y1s,-80.25448,25.75669,2013-05-18 04:28:10,-80.21834,25.74004,2013-05-18 04:47:10
BDNF49-4u6s2d,-80.18456,25.8396,2013-05-18 04:29:41,-80.18456,25.8396,2013-05-18 04:30:11
BDNF41-8l8u0x,-80.24555,25.72827,2013-05-18 04:30:11,-80.24555,25.72827,2013-05-18 04:30:40
BDNF49-7j0r8c,-80.18456,25.8396,2013-05-18 04:30:40,-80.21422,25.80949,2013-05-18 04:53:41
BDNF53-4h7r0j,-80.17292,25.78377,2013-05-18 04:36:40,-80.19517,25.77149,2013-06-09 15:12:47
BDNF50-4c0z8k,-80.18789,25.84671,2013-05-18 04:39:41,-80.1883,25.81264,2013-05-18 04:56:41
BDNF41-4s7o1q,-80.24555,25.72827,2013-05-18 04:41:40,-80.19264,25.76384,2013-05-18 04:56:41
BJPI56-2y0u1i,-80.19433,25.76348,2013-05-18 04:41:40,-80.19059,25.79621,2013-05-18 05:11:10
BKMB05-2c5k8a,-80.13321,25.77506,2013-05-18 04:41:40,-80.18815,25.79311,2013-05-18 04:54:40
BKMB49-1p3f7c,-80.13321,25.77506,2013-05-18 04:41:40,-80.13321,25.77506,2013-05-18 05:03:11
BGDK12-6p1m0d,-80.13321,25.77506,2013-05-18 04:41:40,-80.18816,25.7931,2013-05-18 04:53:41
BDNF80-0y2f8j,-80.13321,25.77506,2013-05-18 04:41:40,-80.18816,25.79339,2013-05-18 04:53:41
579TAI-6k1b7h,-80.13321,25.77506,2013-05-18 04:43:11,-80.18815,25.79312,2013-05-18 04:53:41
BDNF76-2x6j1a,-80.19599,25.84059,2013-05-18 04:43:41,-80.19554,25.8405,2013-05-18 04:46:41
BJPI50-8y3d3x,-80.25409,25.76498,2013-05-18 04:48:11,-80.19209,25.77878,2013-05-18 05:10:10
BGDK06-3s0k6t,-80.24268,25.73977,2013-05-18 04:54:11,-80.1964,25.75584,2013-05-18 05:05:41
BKMB49-2f1r3x,-80.13321,25.77506,2013-05-18 05:04:10,-80.13321,25.77506,2013-05-18 05:04:41
BKMB40-3k8t2m,-80.18431,25.83304,2013-05-18 05:09:11,-80.18603,25.84768,2013-05-18 05:16:11
BKMB04-1e6l2s,-80.18914,25.77529,2013-05-18 05:09:41,-80.19314,25.76199,2013-05-18 05:41:41
BJPI27-1q3z6j,-80.20563,25.76364,2013-05-18 05:11:10,-80.18952,25.78952,2013-05-18 06:28:41
BJPI51-7b1e1w,-80.13321,25.77506,2013-05-18 05:13:11,-80.18819,25.79408,2013-05-18 05:27:40
BKMB29-4s7x5v,-80.13321,25.77506,2013-05-18 05:13:11,-80.18824,25.79386,2013-05-18 05:29:10
BDNF47-1g8a1e,-80.13321,25.77506,2013-05-18 05:13:11,-80.18825,25.79382,2013-05-18 05:25:41
BGDK07-5n5v2d,-80.13321,25.77506,2013-05-18 05:13:41,-80.13321,25.77506,2013-05-18 05:28:11
BDNF23-2a5n1y,-80.13321,25.77506,2013-05-18 05:13:41,-80.18818,25.79409,2013-05-18 05:25:41
BKMB40-1a1y8v,-80.18603,25.84768,2013-05-18 05:16:41,-80.18603,25.84768,2013-05-18 05:17:10
BKMB19-6i0e4g,-80.18712,25.80505,2013-05-18 05:25:10,-80.13321,25.77506,2013-05-18 05:40:41
BJPI33-1s5q2t,-80.20189,25.78169,2013-05-18 05:26:11,-80.19411,25.7645,2013-05-18 05:37:11
579TAI-1x4p4w,-80.18815,25.79312,2013-05-18 05:31:41,-80.18815,25.79312,2013-05-18 05:32:10
579TAI-8e4s8h,-80.18815,25.79312,2013-05-18 05:32:41,-80.18991,25.77717,2013-05-18 05:37:41
BDNF52-0x8x1x,-80.13881,25.79136,2013-05-18 05:37:41,-80.19512,25.76289,2013-05-18 05:53:41
BJPI68-3k1h3u,-80.18588,25.78967,2013-05-18 05:39:41,-80.18901,25.80514,2013-05-18 14:19:41
BDNF39-6z1s6m,-80.13321,25.77506,2013-05-18 05:39:41,-80.18784,25.79329,2013-05-18 05:53:41
BGDK18-8x8y4x,-80.13321,25.77506,2013-05-18 05:39:41,-80.18799,25.79406,2013-05-18 05:53:41
BDNF18-0n1c4y,-80.18935,25.82543,2013-05-18 05:40:11,-80.13881,25.79136,2013-05-18 06:29:41
BDNF42-5n5f5y,-80.13321,25.77506,2013-05-18 05:40:11,-80.1882,25.79394,2013-05-18 05:53:41
BKMB19-2j8m2a,-80.13321,25.77506,2013-05-18 05:42:41,-80.18817,25.79404,2013-05-18 05:55:11
BKLJ88-7q4t2v,-80.21751,25.76408,2013-05-18 05:48:11,-80.2536,25.75136,2013-05-18 06:30:11
BGDN54-3m4k1l,-80.21834,25.74004,2013-05-18 05:49:41,-80.13881,25.79136,2013-05-18 06:24:11
BKLJ98-0y0s2o,-80.19229,25.81867,2013-05-18 05:52:10,-80.13881,25.79136,2013-05-18 06:12:41
BJPI62-2h0o8r,-80.2338,25.73597,2013-05-18 05:53:41,-80.23379,25.73598,2013-05-18 06:18:11
BKLJ92-6j8p3r,-80.18846,25.79916,2013-05-18 05:57:11,-80.19004,25.80712,2013-05-18 06:01:10
BKMB39-3m6a3t,-80.20434,25.81846,2013-05-18 05:57:11,-80.20429,25.81841,2013-05-18 06:12:41
BJPI25-3i2r7d,-80.18829,25.80026,2013-05-18 05:58:11,-80.18829,25.80026,2013-05-18 05:58:41
BDNF04-5f7t7n,-80.20648,25.76408,2013-05-18 05:58:11,-80.19312,25.77619,2013-05-18 06:10:41
BDNF77-5u5s2m,-80.17842,25.83938,2013-05-18 05:59:41,-80.18863,25.77352,2013-05-18 06:21:11
BJPI25-0g6h6k,-80.18829,25.80026,2013-05-18 06:02:10,-80.18837,25.80163,2013-05-18 07:52:11
BKLJ92-8g1h4s,-80.19004,25.80712,2013-05-18 06:03:11,-80.18901,25.80513,2013-05-18 14:15:40
BDNF65-8s6d7l,-80.13321,25.77506,2013-05-18 06:05:40,-80.13321,25.77506,2013-05-18 06:22:10
BKLJ94-7r5o0f,-80.13321,25.77506,2013-05-18 06:06:11,-80.18787,25.79324,2013-05-18 06:36:11
BDNF57-8g5e7f,-80.13321,25.77506,2013-05-18 06:06:11,-80.18824,25.79436,2013-05-18 06:18:11
BKMB02-3w1w1h,-80.13321,25.77506,2013-05-18 06:09:11,-80.21546,25.7655,2013-05-20 04:51:40
BJPI46-1f0m1n,-80.2128,25.76746,2013-05-18 06:10:11,-80.2128,25.76746,2013-05-18 06:29:41
BDNF72-4m1u7l,-80.19343,25.76809,2013-05-18 06:13:10,-80.19086,25.76806,2013-05-18 14:14:41
BKMB22-0w8n7j,-80.19099,25.77605,2013-05-18 06:14:11,-80.19099,25.77605,2013-05-18 06:45:40
BGDK07-5l5s2v,-80.13321,25.77506,2013-05-18 06:17:41,-80.18819,25.79407,2013-05-18 06:18:41
BGDK07-8a0e5o,-80.18819,25.79407,2013-05-18 06:19:11,-80.18819,25.79407,2013-05-18 06:19:41
BKMB19-4r0f3l,-80.18817,25.79404,2013-05-18 06:19:41,-80.18899,25.80518,2013-05-18 06:30:11
BKMB49-4u4w3x,-80.13321,25.77506,2013-05-18 06:22:10,-80.18739,25.79557,2013-05-18 06:24:11
BDNF40-6q3l4t,-80.13881,25.79136,2013-05-18 06:22:10,-80.18817,25.79406,2013-05-18 06:35:40
BKMB24-0u8y0b,-80.18781,25.79331,2013-05-18 06:25:10,-80.19409,25.77416,2013-05-18 06:40:41
BKMB49-4n5m5t,-80.18739,25.79557,2013-05-18 06:26:41,-80.18739,25.79557,2013-05-18 06:49:11
BGDN94-4x2j2n,-80.2482,25.72486,2013-05-18 06:28:11,-80.19347,25.81289,2013-05-18 06:50:41
BKMB14-5c7j3q,-80.19578,25.78236,2013-05-18 06:29:41,-80.22656,25.78336,2013-05-18 06:52:41
BDNF21-7s6k7x,-80.19899,25.76468,2013-05-18 06:29:41,-80.19899,25.76467,2013-05-18 07:20:40
BJPI42-5v2c4y,-80.21287,25.76739,2013-05-18 06:30:11,-80.25257,25.77232,2013-05-18 06:39:11
BGDN56-2b7w2d,-80.20427,25.7687,2013-05-18 06:31:41,-80.20427,25.7687,2013-05-18 06:38:11
BDNF41-6z6f1s,-80.19264,25.76384,2013-05-18 06:34:41,-80.18939,25.79615,2013-05-18 07:10:41
BKMB53-4y2j2w,-80.18274,25.83402,2013-05-18 06:35:40,-80.13881,25.79136,2013-05-18 07:13:41
341YLN-0g3b3d,-80.19501,25.77157,2013-05-18 06:35:40,-80.19508,25.77158,2013-05-18 06:57:41
BGDK20-4h7p6f,-80.19467,25.77167,2013-05-18 06:41:41,-80.22567,25.78451,2013-05-18 06:52:41
BGDK09-3n1a5q,-80.25387,25.74902,2013-05-18 06:43:41,-80.25405,25.74199,2013-05-18 07:00:11
BJPI33-1h6d8c,-80.19411,25.7645,2013-05-18 06:45:40,-80.25333,25.73393,2013-05-18 07:05:11
BGDK04-4r4j7c,-80.147,25.84552,2013-05-18 06:45:40,-80.19103,25.81474,2013-05-18 07:09:12
BKMB22-1u1r4g,-80.19099,25.77605,2013-05-18 06:48:11,-80.19334,25.81321,2013-05-18 06:55:41
BKMB19-1i7l6y,-80.18899,25.80518,2013-05-18 06:49:11,-80.13321,25.77506,2013-05-18 07:15:11
BJPI45-2j8y7r,-80.18648,25.82913,2013-05-18 06:52:41,-80.19059,25.8273,2013-05-18 06:55:11
BDNF69-3n3a4o,-80.21241,25.76494,2013-05-18 06:54:11,-80.1961,25.76341,2013-05-18 07:00:41
BGDK10-1n5e0p,-80.18907,25.7763,2013-05-18 06:54:11,-80.13881,25.79136,2013-05-18 07:13:41
BKLJ80-6v7v8k,-80.19277,25.80807,2013-05-18 06:57:41,-80.19277,25.80807,2013-05-18 06:58:10
341YLN-2a0m3t,-80.19508,25.77158,2013-05-18 06:58:10,-80.19508,25.77158,2013-05-18 06:58:41
BKLJ80-7p4r0h,-80.19277,25.80807,2013-05-18 06:58:41,-80.19533,25.76572,2013-05-18 07:09:12
BJPI54-5w3v4k,-80.19713,25.82633,2013-05-18 06:59:40,-80.19714,25.80821,2013-05-18 07:37:41
BGDK06-5j2x0c,-80.1964,25.75584,2013-05-18 06:59:40,-80.24296,25.73977,2013-05-18 07:09:12
BDNF18-6c4n3m,-80.13881,25.79136,2013-05-18 07:01:11,-80.18807,25.79402,2013-05-18 07:22:41
BDNF02-7a6a2d,-80.13881,25.79136,2013-05-18 07:01:11,-80.18815,25.78908,2013-05-18 07:17:11
BKLJ96-5b8a3s,-80.13881,25.79136,2013-05-18 07:01:41,-80.18813,25.78908,2013-05-18 07:19:11
BKMB21-8b8r6w,-80.13881,25.79136,2013-05-18 07:01:41,-80.18791,25.7891,2013-05-18 09:22:11
BGDK01-3f7l6s,-80.13881,25.79136,2013-05-18 07:01:41,-80.18622,25.78954,2013-05-18 07:20:40
BJPI48-7f7y6q,-80.21741,25.75092,2013-05-18 07:02:41,-80.19655,25.76147,2013-05-18 07:09:12
BGDN49-6k7h2j,-80.18774,25.80538,2013-05-18 07:06:11,-80.18774,25.80538,2013-05-18 07:22:10
BKLJ93-0v7d6w,-80.2095,25.77485,2013-05-18 07:08:41,-80.20782,25.78411,2013-05-18 07:34:41
BKMB49-6z2x6q,-80.18739,25.79557,2013-05-18 07:09:12,-80.18739,25.79557,2013-05-18 07:10:11
BDNF06-5h6k8w,-80.1903,25.77774,2013-05-18 07:09:12,-80.1903,25.77774,2013-05-18 07:10:11
BKLJ80-4f5a5n,-80.19533,25.76572,2013-05-18 07:10:11,-80.19533,25.76572,2013-05-18 07:10:41
BJPI48-0i3v3r,-80.19655,25.76147,2013-05-18 07:10:11,-80.19655,25.76147,2013-05-18 07:10:41
BGDK04-3h1e3u,-80.19103,25.81474,2013-05-18 07:10:11,-80.19103,25.81474,2013-05-18 07:10:41
BGDK06-3i2i5r,-80.24296,25.73977,2013-05-18 07:10:11,-80.24296,25.73977,2013-05-18 07:10:41
BKMB49-5z0a8h,-80.18739,25.79557,2013-05-18 07:10:41,-80.19067,25.78356,2013-05-18 08:56:10
BDNF06-7a7d8k,-80.1903,25.77774,2013-05-18 07:10:41,-80.18996,25.7631,2013-05-18 07:16:41
BDNF75-7y3i3i,-80.18644,25.82518,2013-05-18 07:12:40,-80.19904,25.80097,2013-05-18 07:59:41
BKMB47-5g7u1i,-80.2378,25.74128,2013-05-18 07:13:41,-80.23956,25.74936,2013-05-18 07:19:41
BJPI47-0l3g3l,-80.18863,25.81339,2013-05-18 07:16:41,-80.19468,25.76541,2013-05-18 07:29:41
BGDN99-0e1j1e,-80.19718,25.76638,2013-05-18 07:19:11,-80.1902,25.76348,2013-05-18 07:36:11
BDNF21-5n2l4i,-80.19904,25.7646,2013-05-18 07:20:40,-80.19897,25.76469,2013-05-18 10:27:40
118TAH-2n8r1b,-80.1895,25.79315,2013-05-18 07:20:40,-80.19009,25.79366,2013-05-18 10:04:41
BKLJ83-4c1g7d,-80.21191,25.75329,2013-05-18 07:22:10,-80.19585,25.7625,2013-05-18 07:41:10
BGDK06-7a6d7b,-80.24296,25.73977,2013-05-18 07:30:11,-80.23932,25.76687,2013-05-18 07:40:11
BJPI61-7n2m2f,-80.18911,25.81777,2013-05-18 07:30:40,-80.18622,25.78955,2013-05-18 07:38:11
BKMB22-4u0f3j,-80.19334,25.81321,2013-05-18 07:30:40,-80.24823,25.72479,2013-05-18 07:48:41
BKMB18-4k5k1u,-80.1941,25.80589,2013-05-18 07:32:41,-80.13321,25.77506,2013-05-18 08:05:41
BKLJ99-3p0g1m,-80.19952,25.81892,2013-05-18 07:37:41,-80.19966,25.81881,2013-05-18 10:20:40
BELV91-8e5o6w,-80.23046,25.76819,2013-05-18 07:41:41,-80.22287,25.76883,2013-05-18 07:46:11
BELV98-7g1z3v,-80.20459,25.80188,2013-05-18 07:43:41,-80.18623,25.78974,2013-05-18 07:52:11
BDNF39-0e8q2i,-80.18784,25.79329,2013-05-18 07:45:11,-80.18784,25.79329,2013-05-18 07:45:41
BDNF39-2e4f7k,-80.18784,25.79329,2013-05-18 07:46:11,-80.18904,25.77723,2013-05-18 07:52:41
BGDK06-8c0t0j,-80.23932,25.76687,2013-05-18 07:46:11,-80.23901,25.76357,2013-05-18 07:52:41
BDNF44-4m1y6b,-80.19253,25.80674,2013-05-18 07:52:11,-80.19915,25.79996,2013-05-18 07:56:41
BGDK05-7w4r3x,-80.21879,25.77049,2013-05-18 07:52:11,-80.22756,25.77061,2013-05-18 08:24:40
BDNF77-0w7e3e,-80.18863,25.77352,2013-05-18 07:52:11,-80.1881,25.77434,2013-05-18 09:53:11
BGDK06-6u1l1h,-80.23901,25.76357,2013-05-18 07:54:11,-80.24293,25.73978,2013-05-18 08:02:40
BDNF64-2z7k3i,-80.18841,25.79229,2013-05-18 07:56:10,-80.18841,25.79229,2013-05-18 08:27:41
BKLJ81-0e8q7q,-80.23802,25.74152,2013-05-18 08:01:42,-80.24545,25.75064,2013-05-18 08:13:11
BDNF52-3d7l1c,-80.19512,25.76289,2013-05-18 08:03:41,-80.19512,25.76289,2013-05-18 08:04:11
BJPI53-7w7i8f,-80.24952,25.74936,2013-05-18 08:08:11,-80.24952,25.74936,2013-05-18 08:10:11
BELV99-1x5b4r,-80.18867,25.79717,2013-05-18 08:09:11,-80.18863,25.80518,2013-05-20 06:58:10
BELV95-5f1u2a,-80.19231,25.81009,2013-05-18 08:10:11,-80.225,25.79652,2013-05-18 08:41:10
BKMB47-3h3p3t,-80.23956,25.74936,2013-05-18 08:14:40,-80.23604,25.74188,2013-05-18 08:20:11
BDNF12-2m0a6g,-80.19061,25.78348,2013-05-18 08:16:10,-80.19049,25.80282,2013-05-18 08:47:41
BKMB24-7f3c5j,-80.19409,25.77416,2013-05-18 08:18:40,-80.18908,25.75884,2013-05-18 08:30:11
BELV91-3r2b2h,-80.22287,25.76883,2013-05-18 08:21:11,-80.22287,25.76883,2013-05-18 08:21:41
BJPI25-7h5h5c,-80.18837,25.80163,2013-05-18 08:22:10,-80.13881,25.79136,2013-05-18 08:49:41
BELV91-5p5r2s,-80.22287,25.76883,2013-05-18 08:22:10,-80.21407,25.77363,2013-05-18 08:34:10
BGDN93-5h0q4k,-80.18646,25.84007,2013-05-18 08:22:10,-80.19912,25.80033,2013-05-18 08:33:41
BJPI60-7i7f3w,-80.24467,25.76394,2013-05-18 08:27:11,-80.19316,25.77613,2013-05-18 08:43:41
BKLJ80-7z7e4y,-80.19533,25.76572,2013-05-18 08:27:41,-80.19533,25.76572,2013-05-18 08:31:11
BGDN99-5i8t0b,-80.1902,25.76348,2013-05-18 08:28:41,-80.19004,25.76379,2013-05-18 09:34:41
BKMB24-0c3a1i,-80.18908,25.75884,2013-05-18 08:30:41,-80.18908,25.75884,2013-05-18 08:31:11
BDNF06-4a2d3m,-80.18996,25.7631,2013-05-18 08:31:11,-80.19587,25.76149,2013-05-18 09:41:41
BJPI27-0e0p7m,-80.18952,25.78952,2013-05-18 08:33:41,-80.18902,25.83453,2013-05-18 08:45:11
BKLJ84-5t7q5u,-80.19578,25.76801,2013-05-18 08:33:41,-80.19578,25.76801,2013-05-18 08:56:41
365TAK-5g7p6v,-80.18648,25.79265,2013-05-18 08:37:41,-80.18652,25.79261,2013-05-18 12:55:41
BGDK05-3u6q8k,-80.22756,25.77061,2013-05-18 08:38:10,-80.20941,25.74712,2013-05-18 09:22:41
BGDN50-0t2b7f,-80.24361,25.72958,2013-05-18 08:39:41,-80.19203,25.7786,2013-05-18 08:54:40
BELV91-3v0v6z,-80.21407,25.77363,2013-05-18 08:40:41,-80.23044,25.76817,2013-05-18 08:45:11
BDNF75-7i6f8p,-80.19904,25.80097,2013-05-18 08:49:41,-80.18979,25.8029,2013-05-18 09:08:41
BDNF12-1m5y1v,-80.19049,25.80282,2013-05-18 08:49:41,-80.19049,25.80282,2013-05-18 08:53:10
BKMB41-1u8a0m,-80.23704,25.74337,2013-05-18 08:51:11,-80.19577,25.76773,2013-05-18 09:04:41
BJPI73-4l2w4s,-80.23952,25.73042,2013-05-18 08:52:11,-80.23952,25.73042,2013-05-18 09:11:10
BDNF43-2v8e5a,-80.21445,25.80792,2013-05-18 08:56:41,-80.25553,25.77973,2013-05-18 09:12:41
BELV94-7f8p5w,-80.23801,25.74151,2013-05-18 08:56:41,-80.23801,25.74151,2013-05-18 08:57:11
BKLJ84-2a3q4o,-80.19578,25.76801,2013-05-18 08:57:11,-80.19578,25.76801,2013-05-18 08:58:11
BGDK08-3e4q1l,-80.23803,25.74166,2013-05-18 08:57:41,-80.23802,25.74167,2013-05-18 12:30:11
BKMB24-8t5p2t,-80.18908,25.75884,2013-05-18 08:58:11,-80.20137,25.76031,2013-05-18 09:04:41
BKMB10-8m3u8p,-80.19522,25.80226,2013-05-18 08:58:11,-80.19489,25.81968,2013-05-18 09:03:11
BKLJ84-1o0y1z,-80.19578,25.76801,2013-05-18 08:58:41,-80.19578,25.76801,2013-05-18 09:01:11
BDNF12-7l1v1d,-80.19049,25.80282,2013-05-18 08:59:11,-80.19049,25.80282,2013-05-18 09:31:10
BKMB40-8p1u7r,-80.18603,25.84768,2013-05-18 09:01:41,-80.19205,25.7792,2013-05-18 09:27:11
BKLJ84-6x6j1h,-80.19578,25.76801,2013-05-18 09:02:41,-80.19868,25.76818,2013-05-18 11:05:11
BKMB39-5z0f1y,-80.20429,25.81841,2013-05-18 09:02:41,-80.1999,25.79952,2013-05-18 09:09:11
BGDN93-0g1p7p,-80.19912,25.80033,2013-05-18 09:04:11,-80.20145,25.80279,2013-05-18 09:22:11
BGDK04-8p3d7s,-80.19103,25.81474,2013-05-18 09:06:11,-80.19103,25.81474,2013-05-18 09:10:41
BJPI64-4l4g2r,-80.21534,25.76535,2013-05-18 09:06:41,-80.19512,25.77639,2013-05-18 09:26:41
BDNF18-2u0m3a,-80.18807,25.79402,2013-05-18 09:06:41,-80.18787,25.79315,2013-05-18 09:20:11
BDNF52-4j1w0i,-80.19512,25.76289,2013-05-18 09:07:11,-80.20215,25.7607,2013-05-18 09:14:40
BDNF44-8q0p1d,-80.19915,25.79996,2013-05-18 09:08:41,-80.19909,25.7996,2013-05-18 10:46:41
BGDN49-6s1k1k,-80.18774,25.80538,2013-05-18 09:08:41,-80.18805,25.79424,2013-05-18 09:46:11
BKMB39-4o8j0v,-80.1999,25.79952,2013-05-18 09:10:11,-80.1999,25.79952,2013-05-18 09:10:41
BKMB51-1a6k3l,-80.24952,25.78115,2013-05-18 09:10:41,-80.25483,25.7787,2013-05-18 09:15:11
BDNF50-8o5x2u,-80.1883,25.81264,2013-05-18 09:10:41,-80.19171,25.82327,2013-05-18 11:54:11
BDNF75-8g3l3k,-80.18979,25.8029,2013-05-18 09:11:41,-80.18716,25.80165,2013-05-18 12:19:11
BJPI73-8u5x1q,-80.23952,25.73042,2013-05-18 09:11:41,-80.23908,25.73879,2013-05-18 09:17:41
BKLJ87-7z2v1z,-80.18862,25.79713,2013-05-18 09:12:11,-80.2147,25.77572,2013-05-18 09:26:41
BDNF69-1c0o4k,-80.1961,25.76341,2013-05-18 09:14:40,-80.20691,25.79709,2013-05-18 09:25:41
BKMB39-7u6f2g,-80.1999,25.79952,2013-05-18 09:16:11,-80.19859,25.79863,2013-05-18 09:23:41
BDNF75-7s5w1x,-80.18983,25.80294,2013-05-18 09:17:10,-80.19218,25.77424,2013-05-18 09:50:11
BJPI31-2j5p8u,-80.18506,25.83064,2013-05-18 09:17:41,-80.17409,25.84632,2013-05-25 10:40:06
BDNF64-0g4q5u,-80.18841,25.79229,2013-05-18 09:20:11,-80.18842,25.80778,2013-05-18 09:59:40
BGDN93-1x6z1t,-80.20145,25.80279,2013-05-18 09:22:41,-80.1991,25.8004,2013-05-18 09:25:41
BDNF18-7w7z4a,-80.18787,25.79315,2013-05-18 09:24:41,-80.25535,25.77211,2013-05-18 10:27:11
BKLJ95-5o8h3k,-80.22674,25.78431,2013-05-18 09:25:41,-80.19338,25.76139,2013-05-18 09:37:41
BJPI58-1i2b0k,-80.15751,25.84978,2013-05-18 09:25:41,-80.18366,25.83876,2013-05-18 09:50:41
BKLJ87-8j6g1z,-80.1897,25.79289,2013-05-18 09:26:41,-80.21794,25.77258,2013-05-18 09:34:10
BKMB51-2x5m2l,-80.25483,25.7787,2013-05-18 09:28:41,-80.24953,25.78114,2013-05-18 09:33:11
BKMB39-7o6e2g,-80.19859,25.79863,2013-05-18 09:30:11,-80.20426,25.81844,2013-05-18 09:37:41
327YLN-6s4u8u,-80.22317,25.76092,2013-05-18 09:30:11,-80.2223,25.75155,2013-05-18 09:33:11
BDNF69-0y3y2g,-80.20691,25.79709,2013-05-18 09:31:10,-80.19528,25.7662,2013-05-18 09:39:11
BDNF47-1q5w1r,-80.18825,25.79382,2013-05-18 09:31:41,-80.19238,25.82553,2013-05-18 09:50:11
BJPI52-2j3v0y,-80.20601,25.79568,2013-05-18 09:32:41,-80.18526,25.84208,2013-05-18 09:45:11
BDNF12-7y8i0c,-80.19049,25.80282,2013-05-18 09:32:41,-80.19044,25.80283,2013-05-18 09:34:10
BKLJ87-5y6i0b,-80.2147,25.77572,2013-05-18 09:34:10,-80.21536,25.7653,2013-05-18 09:35:40
BJPI67-7u0w8l,-80.19067,25.79107,2013-05-18 09:34:41,-80.19067,25.79107,2013-05-18 10:06:41
BKLJ87-2e6o2q,-80.21794,25.77258,2013-05-18 09:35:40,-80.19008,25.7631,2013-06-21 12:15:17
BDNF12-4n6h5i,-80.19044,25.80283,2013-05-18 09:36:11,-80.19044,25.80285,2013-05-18 09:38:41
BDNF12-7q3v3o,-80.19044,25.80284,2013-05-18 09:38:41,-80.19043,25.80285,2013-05-18 09:40:10
BJPI47-2k8x6a,-80.19468,25.76541,2013-05-18 09:40:10,-80.19201,25.7574,2013-05-18 09:45:40
BDNF12-8i0m4e,-80.19044,25.80285,2013-05-18 09:40:10,-80.18809,25.79338,2013-06-08 17:52:47
BDNF12-0v0i4l,-80.19043,25.80285,2013-05-18 09:41:41,-80.25344,25.76331,2013-05-18 10:38:10
BKMB20-6z7q7a,-80.21536,25.76533,2013-05-18 09:43:10,-80.19255,25.76407,2013-05-20 18:25:41
BLQR01-2i2t1j,-80.2055,25.7569,2013-05-18 09:44:10,-80.20537,25.75839,2013-05-18 12:22:41
BKLJ80-5d8e0i,-80.19533,25.76572,2013-05-18 09:45:11,-80.1925,25.80935,2013-05-18 10:14:40
BKLJ89-7x0v7i,-80.21602,25.77451,2013-05-18 09:46:41,-80.23092,25.80009,2013-05-18 10:04:41
BJPI55-4b5m7r,-80.18953,25.79366,2013-05-18 09:47:41,-80.18953,25.79366,2013-05-18 09:55:11
BJPI73-7d2x5x,-80.23908,25.73879,2013-05-18 09:48:41,-80.23837,25.76377,2013-05-18 09:57:11
BDNF41-2r2y8q,-80.18939,25.79615,2013-05-18 09:49:10,-80.19286,25.8078,2013-05-18 09:57:11
BKLJ81-1i2w7i,-80.24545,25.75064,2013-05-18 09:50:41,-80.238,25.74159,2013-05-18 09:59:40
BDNF51-3r0f4d,-80.21247,25.8099,2013-05-18 09:51:41,-80.21247,25.8099,2013-05-18 09:52:11
BDNF56-1p4g3u,-80.20186,25.81404,2013-05-18 09:51:41,-80.20186,25.81404,2013-05-18 09:52:11
BKMB04-6z4f3e,-80.19314,25.76199,2013-05-18 09:52:41,-80.25307,25.73531,2013-05-18 10:27:11
BJPI45-7e6k1z,-80.19059,25.8273,2013-05-18 09:52:41,-80.13881,25.79136,2013-05-18 10:12:11
BJPI30-8w2u7t,-80.2276,25.76556,2013-05-18 09:52:41,-80.21734,25.77243,2013-05-18 10:01:11
BDNF51-6c6p0y,-80.21247,25.8099,2013-05-18 09:52:41,-80.25348,25.73711,2013-05-18 10:48:11
BDNF56-7c3z5w,-80.20186,25.81404,2013-05-18 09:52:41,-80.20181,25.81402,2013-05-18 11:13:11
BKMB22-7x5c5q,-80.24823,25.72479,2013-05-18 09:54:11,-80.19465,25.76348,2013-05-18 10:10:41
BKMB29-5x0u2l,-80.18824,25.79386,2013-05-18 09:56:40,-80.18977,25.79303,2013-05-20 10:50:10
BKMB49-6w3b7r,-80.19067,25.78356,2013-05-18 09:57:11,-80.19008,25.77723,2013-05-18 10:58:11
BJPI54-0f2i2m,-80.19714,25.80821,2013-05-18 09:58:41,-80.19402,25.80688,2013-05-18 10:09:40
BKMB37-1f7b4z,-80.19969,25.79953,2013-05-18 10:01:11,-80.19984,25.79952,2013-05-18 14:18:41
BJPI73-7x8r6f,-80.23837,25.76377,2013-05-18 10:01:11,-80.23891,25.7485,2013-05-18 10:06:41
BKLJ94-7c4f8n,-80.18787,25.79324,2013-05-18 10:03:41,-80.19295,25.76275,2013-05-18 10:32:11
BGDK19-1f0i0s,-80.19521,25.80892,2013-05-18 10:03:41,-80.19712,25.82637,2013-05-18 12:29:41
BGDN50-2h7j6g,-80.19203,25.7786,2013-05-18 10:06:41,-80.18602,25.84762,2013-05-18 10:47:40
BGDK17-4t4b4e,-80.19639,25.75584,2013-05-18 10:07:10,-80.25347,25.76038,2013-05-18 10:27:11
BGDN54-0f0c4f,-80.13881,25.79136,2013-05-18 10:09:11,-80.18271,25.83277,2013-05-18 10:23:11
BGDN56-3a6k2j,-80.20427,25.7687,2013-05-18 10:09:11,-80.20427,25.7687,2013-05-18 10:24:11
BJPI54-7l8d7k,-80.19402,25.80688,2013-05-18 10:10:11,-80.19402,25.80688,2013-05-18 10:10:41
579TAI-6i8c6y,-80.18991,25.77717,2013-05-18 10:10:41,-80.18991,25.77717,2013-05-18 10:11:11
BJPI54-3t8t0c,-80.19402,25.80688,2013-05-18 10:11:11,-80.19402,25.80688,2013-05-18 10:11:40
BKMB22-4a0a5q,-80.19465,25.76348,2013-05-18 10:11:11,-80.19465,25.76348,2013-05-18 10:11:40
579TAI-7k8k4f,-80.18991,25.77717,2013-05-18 10:11:40,-80.25336,25.7652,2013-05-18 10:28:41
BDNF23-6l3s5x,-80.18818,25.79409,2013-05-18 10:13:41,-80.18869,25.80787,2013-05-18 10:36:41
BKLJ80-7s0n1t,-80.1925,25.80935,2013-05-18 10:16:41,-80.1925,25.80935,2013-05-18 10:17:41
BDNF54-0b3c8i,-80.19612,25.80965,2013-05-18 10:18:11,-80.19311,25.80812,2013-05-18 10:25:10
BKLJ80-0m8v2j,-80.1925,25.80935,2013-05-18 10:18:11,-80.13881,25.79136,2013-05-18 10:35:11
BDNF47-0a6y1i,-80.19238,25.82553,2013-05-18 10:20:11,-80.19238,25.82553,2013-05-18 10:52:10
BKLJ99-3n8d1s,-80.19974,25.81878,2013-05-18 10:20:40,-80.19203,25.81285,2013-05-20 10:28:41
BKMB39-0p6z6z,-80.20426,25.81844,2013-05-18 10:21:11,-80.18877,25.80091,2013-05-18 10:31:11
BJPI73-1s7x4f,-80.23891,25.7485,2013-05-18 10:23:11,-80.24095,25.73004,2013-05-18 10:31:11
BGDK12-6z2p1p,-80.18816,25.7931,2013-05-18 10:24:11,-80.18819,25.79303,2013-05-18 10:30:11
BDNF21-3h8m0j,-80.19899,25.76467,2013-05-18 10:27:40,-80.19896,25.76469,2013-05-18 16:32:40
579TAI-0z0n4i,-80.25336,25.7652,2013-05-18 10:29:11,-80.25336,25.7652,2013-05-18 10:29:40
BKMB05-3e7i6x,-80.18815,25.79311,2013-05-18 10:29:40,-80.1879,25.7931,2013-05-18 12:12:40
BKMB28-0g8f7s,-80.25273,25.73205,2013-05-18 10:29:40,-80.24348,25.72905,2013-05-18 10:46:41
BKMB13-1g0m1b,-80.18508,25.84494,2013-05-18 10:32:11,-80.18786,25.84665,2013-05-18 11:08:10
BJPI73-2z8w2v,-80.24095,25.73004,2013-05-18 10:32:11,-80.22838,25.74197,2013-05-18 10:50:40
BKMB39-4v0a7c,-80.18877,25.80091,2013-05-18 10:34:41,-80.18877,25.80091,2013-05-18 10:55:10
BJPI58-0h4u6p,-80.18366,25.83876,2013-05-18 10:35:41,-80.15806,25.84924,2013-05-18 12:05:41
BDNF54-1o2p0i,-80.19311,25.80812,2013-05-18 10:37:41,-80.13321,25.77506,2013-05-18 11:23:10
BKLJ89-0m1d0a,-80.23092,25.80009,2013-05-18 10:38:41,-80.19737,25.82599,2013-05-18 10:50:40
579TAI-1g1y8j,-80.25336,25.7652,2013-05-18 10:39:11,-80.22252,25.77058,2013-05-18 10:52:10
BDNF23-1a8o0k,-80.18869,25.80787,2013-05-18 10:41:40,-80.18369,25.84722,2013-05-18 21:28:11
BKMB18-2n2p3k,-80.13321,25.77506,2013-05-18 10:46:41,-80.13321,25.77506,2013-05-18 10:50:11
BGDN51-4d8l7y,-80.18521,25.83656,2013-05-18 10:49:11,-80.22068,25.74359,2013-05-18 11:33:11
BDNF57-1g0w4t,-80.18824,25.79436,2013-05-18 10:52:10,-80.13321,25.77506,2013-05-18 11:38:41
BDNF18-1v1r8e,-80.25535,25.77211,2013-05-18 10:52:41,-80.217,25.78745,2013-05-18 11:48:11
BDNF47-2m0k0k,-80.19238,25.82553,2013-05-18 10:55:10,-80.18889,25.78906,2013-05-18 11:08:10
BGDK05-5a0b0g,-80.20941,25.74712,2013-05-18 10:56:40,-80.21861,25.77047,2013-05-18 11:14:41
579TAI-0j6h8u,-80.22252,25.77058,2013-05-18 10:56:40,-80.18975,25.77717,2013-05-18 11:14:10
BKMB50-5v8z1s,-80.21425,25.77744,2013-05-18 10:58:11,-80.20386,25.75088,2013-05-18 11:28:11
BJPI48-7w1k5x,-80.19655,25.76147,2013-05-18 10:58:41,-80.18976,25.7651,2013-05-18 11:03:11
BJPI73-5m8j7x,-80.22838,25.74197,2013-05-18 11:00:40,-80.2432,25.72802,2013-05-18 11:08:10
BJPI67-0h5y8w,-80.19067,25.79107,2013-05-18 11:04:11,-80.19387,25.80701,2013-05-18 11:10:42
BKMB39-2t1l3d,-80.18877,25.80091,2013-05-18 11:08:10,-80.20721,25.83325,2013-05-18 11:16:10
BKMB40-0u2t5l,-80.19205,25.7792,2013-05-18 11:08:10,-80.19376,25.81099,2013-05-18 11:28:11
BGDK04-7v1h0g,-80.19103,25.81474,2013-05-18 11:10:42,-80.19103,25.81474,2013-05-18 11:11:10
BJPI67-4h0v4d,-80.19387,25.80701,2013-05-18 11:11:10,-80.19387,25.80701,2013-05-18 11:11:41
BGDK04-7m2k1h,-80.19103,25.81474,2013-05-18 11:11:41,-80.19092,25.8148,2013-05-18 13:53:41
BKLJ99-8w5v6s,-80.19966,25.81881,2013-05-18 11:16:41,-80.19969,25.8187,2013-05-18 16:25:10
BKLJ95-2g7s7m,-80.19338,25.76139,2013-05-18 11:17:10,-80.24433,25.72732,2013-05-18 11:34:10
BDNF56-8j2k5y,-80.20181,25.81402,2013-05-18 11:19:10,-80.25464,25.76299,2013-05-31 03:27:21
BDNF75-2v6r2x,-80.19218,25.77424,2013-05-18 11:23:10,-80.18713,25.80167,2013-05-18 11:35:40
BJPI42-2a4w0v,-80.25257,25.77232,2013-05-18 11:28:11,-80.25257,25.77232,2013-05-18 11:28:41
BKMB39-7g3i2l,-80.20721,25.83325,2013-05-18 11:28:11,-80.20721,25.83325,2013-05-18 11:28:41
BKMB50-3a5y5e,-80.20386,25.75088,2013-05-18 11:28:41,-80.20386,25.75088,2013-05-18 11:29:10
BKMB40-5c5e8a,-80.19376,25.81099,2013-05-18 11:28:41,-80.19376,25.81099,2013-05-18 11:29:10
BJPI42-5s6s3e,-80.25257,25.77232,2013-05-18 11:29:10,-80.22637,25.76558,2013-05-18 11:42:11
BKMB39-8g8g7e,-80.20721,25.83325,2013-05-18 11:29:10,-80.19045,25.80223,2013-05-18 11:56:10
BJPI53-8p8t5q,-80.24952,25.74936,2013-05-18 11:30:41,-80.24952,25.74936,2013-05-18 12:02:41
BELV97-2a1c0m,-80.25371,25.73384,2013-05-18 11:31:11,-80.24487,25.72572,2013-05-18 11:38:41
BDNF77-3r3k6o,-80.1881,25.77434,2013-05-18 11:37:11,-80.24627,25.74857,2013-05-18 12:13:11
BDNF12-0o0r7r,-80.25344,25.76331,2013-05-18 11:37:11,-80.24584,25.74956,2013-05-18 11:50:40
BDNF78-1g5n5r,-80.23166,25.75811,2013-05-18 11:38:41,-80.21525,25.76223,2013-05-18 12:02:41
BGDK12-4t3u5r,-80.18819,25.79303,2013-05-18 11:39:11,-80.18793,25.81958,2013-05-18 11:53:10
BGDN49-2o4e2t,-80.18805,25.79424,2013-05-18 11:40:41,-80.18805,25.79424,2013-05-18 11:41:40
BGDN49-4n6i0w,-80.18805,25.79424,2013-05-18 11:42:11,-80.19387,25.80707,2013-05-18 12:16:10
BJPI56-4m7p1j,-80.19059,25.79621,2013-05-18 11:47:10,-80.1942,25.80832,2013-05-18 12:07:41
BDNF44-4q6t4a,-80.19909,25.7996,2013-05-18 11:48:11,-80.19453,25.80763,2013-05-18 11:56:10
BJPI42-4t0t3v,-80.22637,25.76558,2013-05-18 11:49:41,-80.21282,25.7673,2013-05-18 11:56:10
BJPI64-2v8j6l,-80.19512,25.77639,2013-05-18 11:50:40,-80.20333,25.79727,2013-05-18 12:02:41
BKMB28-5o8l8j,-80.24348,25.72905,2013-05-18 11:52:10,-80.13881,25.79136,2013-05-18 12:33:11
BELV92-2y4e3c,-80.242,25.7844,2013-05-18 11:56:10,-80.24969,25.74723,2013-05-18 12:07:41
BGDK12-0t0u5n,-80.18793,25.81958,2013-05-18 11:57:11,-80.19811,25.81504,2013-05-18 12:03:11
BKLJ91-0v0n6v,-80.20925,25.78106,2013-05-18 11:58:41,-80.21034,25.78243,2013-05-18 18:40:11
BDNF75-4p1z0x,-80.18713,25.80167,2013-05-18 11:58:41,-80.18713,25.80167,2013-05-18 12:13:41
BJPI73-4i3c0k,-80.2432,25.72802,2013-05-18 11:58:41,-80.22837,25.7419,2013-05-18 12:05:41
BJPI52-7z4s1o,-80.18526,25.84208,2013-05-18 12:01:41,-80.20618,25.79597,2013-05-18 12:21:40
BKLJ81-6c0a1d,-80.238,25.74159,2013-05-18 12:03:11,-80.238,25.74159,2013-05-18 12:05:10
BJPI23-7b0m5s,-80.25142,25.7853,2013-05-18 12:03:11,-80.25142,25.7853,2013-05-18 12:05:10
BGDK12-7c5p0q,-80.19811,25.81504,2013-05-18 12:05:10,-80.19811,25.81504,2013-05-18 12:05:41
BKLJ81-3t2m0c,-80.238,25.74159,2013-05-18 12:05:41,-80.24148,25.72874,2013-05-18 12:24:11
BJPI23-6y5i8o,-80.25142,25.7853,2013-05-18 12:05:41,-80.25141,25.78529,2013-05-18 12:53:11
BDNF12-8r1v7x,-80.24584,25.74956,2013-05-18 12:10:41,-80.2142,25.80942,2013-05-18 12:33:11
BDNF44-6b8y6p,-80.19453,25.80763,2013-05-18 12:12:11,-80.18755,25.80816,2013-06-24 12:13:51
BJPI53-8h4u0a,-80.24952,25.74936,2013-05-18 12:13:41,-80.238,25.74159,2013-05-18 12:25:41
BDNF54-4y0s2t,-80.13321,25.77506,2013-05-18 12:16:41,-80.13321,25.77506,2013-05-18 12:45:11
BKMB39-4h5g8x,-80.19045,25.80223,2013-05-18 12:18:11,-80.18843,25.79815,2013-05-18 18:55:41
BKMB05-1s5a3w,-80.1879,25.7931,2013-05-18 12:19:11,-80.20651,25.79719,2013-05-28 12:12:38
BDNF75-1m7e4i,-80.18713,25.80167,2013-05-18 12:19:11,-80.19509,25.80799,2013-05-23 20:02:40
BDNF11-1y8o2k,-80.25416,25.77997,2013-05-18 12:19:41,-80.25409,25.78006,2013-05-18 13:00:11
327YLN-5k0q4g,-80.2223,25.75155,2013-05-18 12:20:41,-80.22034,25.7619,2013-05-18 12:24:11
BGDK02-2k3k8d,-80.19391,25.78891,2013-05-18 12:21:40,-80.20195,25.84686,2013-05-18 14:18:11
BJPI53-5p6i6v,-80.238,25.74159,2013-05-18 12:26:41,-80.238,25.74159,2013-05-18 12:27:11
BJPI50-0w7e4b,-80.19209,25.77878,2013-05-18 12:29:41,-80.25399,25.76295,2013-05-18 12:45:11
BKMB23-2a3q8o,-80.23834,25.76496,2013-05-18 12:33:11,-80.23816,25.75598,2013-05-18 12:40:10
BKLJ95-5h8g5g,-80.24433,25.72732,2013-05-18 12:34:10,-80.19346,25.76124,2013-05-18 12:49:41
BKMB40-4h6t5n,-80.19376,25.81099,2013-05-18 12:34:10,-80.19558,25.78376,2013-05-18 12:42:41
BDNF64-2x0q3b,-80.18842,25.80778,2013-05-18 12:34:41,-80.19316,25.78386,2013-05-18 14:24:11
BKMB45-0i4g0h,-80.23657,25.75825,2013-05-18 12:35:41,-80.238,25.74147,2013-05-18 12:43:11
BGDK05-1z1v4x,-80.21861,25.77047,2013-05-18 12:36:41,-80.21459,25.76995,2013-05-18 13:00:11
BDNF50-0c3s6h,-80.19171,25.82327,2013-05-18 12:36:41,-80.19175,25.8017,2013-05-18 13:01:41
BJPI30-7b2s3y,-80.21734,25.77243,2013-05-18 12:38:41,-80.22454,25.7658,2013-05-18 12:51:11
BDNF73-6i6e0i,-80.19923,25.81045,2013-05-18 12:40:10,-80.21128,25.80966,2013-05-18 13:43:11
BGDK17-2i7k3h,-80.25347,25.76038,2013-05-18 12:40:10,-80.2532,25.75743,2013-05-18 13:13:41
BDNF12-7v1z2j,-80.2142,25.80942,2013-05-18 12:41:11,-80.2142,25.80942,2013-05-18 12:42:41
BDNF57-7v6x3c,-80.13321,25.77506,2013-05-18 12:43:11,-80.13309,25.77551,2013-05-18 12:51:11
BDNF18-1q0v6s,-80.217,25.78745,2013-05-18 12:43:41,-80.23023,25.77251,2013-05-18 13:16:10
BDNF12-4n4z3x,-80.2142,25.80942,2013-05-18 12:44:41,-80.21421,25.80935,2013-05-18 12:45:11
BDNF65-8l3t5h,-80.13321,25.77506,2013-05-18 12:45:11,-80.13321,25.77506,2013-05-18 12:47:41
BELV92-0s1s4s,-80.24969,25.74723,2013-05-18 12:46:11,-80.25011,25.74918,2013-05-18 15:04:41
BDNF54-1u6e2f,-80.13321,25.77506,2013-05-18 12:47:41,-80.18652,25.80235,2013-05-18 13:04:41
BKMB10-3t0i0b,-80.19489,25.81968,2013-05-18 12:47:41,-80.13881,25.79136,2013-05-18 13:11:11
BKMB18-5w1c1y,-80.13321,25.77506,2013-05-18 12:47:41,-80.22039,25.7616,2013-05-18 13:14:11
BKLJ95-5c1z1s,-80.19346,25.76124,2013-05-18 12:51:11,-80.23417,25.75081,2013-05-18 13:00:11
BELV95-4v5w2i,-80.225,25.79652,2013-05-18 12:53:41,-80.2244,25.79655,2013-05-18 13:04:41
BKLJ93-7t4h4o,-80.20782,25.78411,2013-05-18 12:55:41,-80.20284,25.77799,2013-05-18 13:03:40
BGDN96-0s5v0b,-80.20938,25.76594,2013-05-18 12:57:11,-80.20451,25.77822,2013-05-18 13:31:41
BKLJ95-0q4w8z,-80.23417,25.75081,2013-05-18 13:01:11,-80.23417,25.75081,2013-05-18 13:01:41
BDNF11-2p3a3h,-80.25409,25.78006,2013-05-18 13:01:11,-80.25409,25.78006,2013-05-18 13:01:41
BGDK05-6c4y1s,-80.21459,25.76995,2013-05-18 13:01:11,-80.21459,25.76995,2013-05-18 13:01:41
BKLJ98-2e5q1e,-80.13881,25.79136,2013-05-18 13:01:41,-80.25332,25.74907,2013-05-18 13:44:11
BDNF39-7z3y4u,-80.18904,25.77723,2013-05-18 13:01:41,-80.19383,25.7742,2013-05-18 13:11:11
BDNF80-3q3k0e,-80.18816,25.79339,2013-05-18 13:01:41,-80.18826,25.79421,2013-05-18 14:19:41
BKMB23-0e7i0i,-80.23816,25.75598,2013-05-18 13:03:40,-80.23447,25.75089,2013-05-18 13:11:11
BKMB49-8t6f1k,-80.19008,25.77723,2013-05-18 13:04:10,-80.2494,25.73361,2013-05-18 13:26:11
BDNF50-2f1w1m,-80.19175,25.8017,2013-05-18 13:04:41,-80.1919,25.8017,2013-05-18 15:34:10
BJPI52-6f2g1s,-80.20618,25.79597,2013-05-18 13:11:11,-80.20618,25.79597,2013-05-18 13:14:11
BJPI33-5r3p5u,-80.25333,25.73393,2013-05-18 13:11:40,-80.18954,25.76265,2013-05-18 13:26:40
BKMB15-3p6l7r,-80.14777,25.84541,2013-05-18 13:13:41,-80.14778,25.8454,2013-05-19 12:36:11
BKMB23-6c0c5w,-80.23447,25.75089,2013-05-18 13:14:11,-80.23447,25.75089,2013-05-18 13:15:41
BGDK21-3i5g3h,-80.19028,25.7936,2013-05-18 13:14:11,-80.19028,25.7936,2013-05-18 13:15:41
BKLJ93-4g8y1e,-80.20284,25.77799,2013-05-18 13:15:11,-80.20284,25.77799,2013-05-18 13:15:41
BJPI52-5f8b5g,-80.20618,25.79597,2013-05-18 13:15:41,-80.20618,25.79597,2013-05-18 13:16:10
BKMB18-8e3i7x,-80.22039,25.7616,2013-05-18 13:15:41,-80.22039,25.7616,2013-05-18 13:16:10
BKLJ93-0y6o1z,-80.20284,25.77799,2013-05-18 13:16:10,-80.20284,25.77789,2013-05-18 14:01:10
BKMB23-2q6c3b,-80.23447,25.75089,2013-05-18 13:16:10,-80.23446,25.75088,2013-05-18 13:35:10
BGDK21-1l2w7o,-80.19028,25.7936,2013-05-18 13:16:10,-80.18883,25.80869,2013-05-18 13:45:11
BDNF41-1z7f2k,-80.19286,25.8078,2013-05-18 13:17:10,-80.19286,25.8078,2013-05-18 13:20:41
BJPI32-3r3d6u,-80.19501,25.77156,2013-05-18 13:18:11,-80.13881,25.79136,2013-05-18 14:00:11
BGDK12-7v5w7v,-80.19811,25.81504,2013-05-18 13:18:41,-80.19192,25.83142,2013-05-18 13:30:11
BDNF07-2q3d7l,-80.19907,25.79864,2013-05-18 13:18:41,-80.1837,25.84725,2013-05-18 13:43:11
BKMB41-6h5h8u,-80.19577,25.76773,2013-05-18 13:19:41,-80.13321,25.77506,2013-05-18 13:46:10
579TAI-1y5v1i,-80.18975,25.77717,2013-05-18 13:21:40,-80.18961,25.79232,2013-05-18 13:33:11
BKMB40-2q4f4a,-80.19558,25.78376,2013-05-18 13:22:41,-80.19525,25.76563,2013-05-18 13:38:11
BJPI54-7v3l8y,-80.19402,25.80688,2013-05-18 13:23:40,-80.18817,25.7744,2013-05-18 13:47:41
BJPI46-1v4b8c,-80.2128,25.76746,2013-05-18 13:24:11,-80.25244,25.78354,2013-05-18 13:37:41
BDNF18-4c4g6p,-80.23023,25.77251,2013-05-18 13:29:40,-80.23023,25.77251,2013-05-18 13:30:41
BJPI42-7r3u0u,-80.21282,25.7673,2013-05-18 13:30:41,-80.19522,25.76581,2013-05-18 13:39:11
BJPI57-1d3r3o,-80.14632,25.84504,2013-05-18 13:31:41,-80.14777,25.84539,2013-05-18 15:29:41
BDNF28-7e7s3s,-80.18827,25.79398,2013-05-18 13:33:41,-80.13321,25.77506,2013-05-18 13:59:40
BGDK12-2l0i8m,-80.19192,25.83142,2013-05-18 13:35:10,-80.19754,25.81519,2013-05-18 15:41:11
BKMB42-8l6i8s,-80.20439,25.7574,2013-05-18 13:36:40,-80.19278,25.76328,2013-05-18 14:07:41
BKMB19-3d7b8a,-80.13321,25.77506,2013-05-18 13:36:40,-80.18506,25.84495,2013-05-18 14:25:41
BDNF18-3x1m5c,-80.23023,25.77251,2013-05-18 13:36:40,-80.25534,25.77223,2013-05-18 14:40:41
365TAK-6x1f8i,-80.18652,25.79261,2013-05-18 13:36:40,-80.18652,25.79261,2013-05-18 13:52:41
BKLJ94-5n7i3u,-80.19295,25.76275,2013-05-18 13:38:11,-80.24497,25.73173,2013-05-18 13:53:41
BDNF71-4n3s2e,-80.18793,25.84147,2013-05-18 13:39:11,-80.18793,25.84147,2013-05-18 13:41:10
BJPI42-6z1a0s,-80.19522,25.76581,2013-05-18 13:41:10,-80.19522,25.76581,2013-05-18 13:41:41
BDNF71-5w4j3b,-80.18793,25.84147,2013-05-18 13:41:41,-80.21424,25.80933,2013-05-18 13:55:10
579TAI-5p2i4k,-80.18961,25.79232,2013-05-18 13:41:41,-80.18875,25.78906,2013-05-18 13:46:10
BJPI56-8s1f6y,-80.1942,25.80832,2013-05-18 13:43:11,-80.18826,25.79415,2013-05-18 14:07:11
BJPI55-6g6m3o,-80.18953,25.79366,2013-05-18 13:44:41,-80.19069,25.76793,2013-05-18 13:58:41
BGDK18-6n8v3f,-80.18799,25.79406,2013-05-18 13:44:41,-80.18799,25.79406,2013-05-18 13:53:41
BKMB45-6l3n1d,-80.238,25.74147,2013-05-18 13:45:11,-80.25418,25.76506,2013-05-18 13:58:41
BJPI54-4h0i7y,-80.18817,25.7744,2013-05-18 13:49:11,-80.18817,25.7744,2013-05-18 13:54:11
BGDK20-3x4s6z,-80.22567,25.78451,2013-05-18 13:51:11,-80.19336,25.80678,2013-05-18 14:07:11
BKMB05-6l3p0x,-80.18787,25.79314,2013-05-18 13:53:41,-80.18822,25.79385,2013-05-18 15:19:41
BJPI54-8t8m0k,-80.18817,25.7744,2013-05-18 13:55:10,-80.18817,25.7744,2013-05-18 13:55:41
BJPI46-3x6p4w,-80.25244,25.78354,2013-05-18 13:55:10,-80.2544,25.77094,2013-05-18 14:15:40
BJPI54-3v5q0y,-80.18817,25.7744,2013-05-18 13:56:11,-80.13881,25.79136,2013-05-18 14:29:40
BDNF08-0b7i4y,-80.245,25.72566,2013-05-18 13:56:11,-80.245,25.72566,2013-05-18 13:58:41
BKMB41-3h0g5i,-80.13321,25.77506,2013-05-18 13:57:11,-80.13321,25.77506,2013-05-18 13:59:40
BDNF42-7g2f2u,-80.1882,25.79394,2013-05-18 13:57:11,-80.18648,25.79258,2013-05-19 14:18:11
BDNF28-5n6c2h,-80.13321,25.77506,2013-05-18 14:00:11,-80.13321,25.77506,2013-05-18 14:05:41
BKMB23-0b7p8a,-80.23446,25.75088,2013-05-18 14:09:11,-80.23424,25.751,2013-05-18 14:34:10
BJPI33-5v6u5b,-80.18954,25.76265,2013-05-18 14:10:10,-80.19103,25.75699,2013-05-18 14:14:10
BJPI60-1y7f0y,-80.19316,25.77613,2013-05-18 14:10:10,-80.21451,25.76557,2013-05-18 14:23:10
BJPI50-4i7j4h,-80.25399,25.76295,2013-05-18 14:11:41,-80.25399,25.76295,2013-05-18 14:13:11
BJPI43-0i3k3t,-80.20742,25.81608,2013-05-18 14:14:10,-80.20744,25.8161,2013-05-18 14:46:41
BDNF72-5b7k8v,-80.19086,25.76806,2013-05-18 14:15:11,-80.19086,25.76806,2013-05-18 14:15:40
BELV95-6a6d2u,-80.2244,25.79655,2013-05-18 14:15:40,-80.18965,25.79913,2013-05-18 14:26:41
BJPI55-3z3c3t,-80.19069,25.76793,2013-05-18 14:19:41,-80.19183,25.76875,2013-05-18 15:55:10
BKLJ92-6r6v4b,-80.18901,25.80513,2013-05-18 14:20:41,-80.18782,25.78918,2013-05-18 14:31:11
BKMB08-2x6t7r,-80.14793,25.84475,2013-05-18 14:20:41,-80.15989,25.85139,2013-05-18 14:32:41
BGDN95-3t0n2t,-80.23756,25.74084,2013-05-18 14:20:41,-80.23756,25.74084,2013-05-18 14:52:41
BKMB41-7s6w4v,-80.13321,25.77506,2013-05-18 14:20:41,-80.25383,25.74904,2013-05-18 15:05:41
118TAH-5x8z4d,-80.19009,25.79366,2013-05-18 14:20:41,-80.19394,25.78153,2013-05-18 14:32:41
BJPI71-8x7z0h,-80.21527,25.76593,2013-05-18 14:23:10,-80.20871,25.74945,2013-05-18 14:32:41
BELV91-3j6t0s,-80.23044,25.76817,2013-05-18 14:25:41,-80.24917,25.77701,2013-05-18 14:36:11
BDNF04-3l1v2b,-80.19312,25.77619,2013-05-18 14:28:11,-80.19186,25.76881,2013-05-18 15:48:11
BDNF10-0r4v4v,-80.22036,25.76151,2013-05-18 14:31:11,-80.22036,25.76151,2013-05-18 15:03:11
BJPI46-7z8o5n,-80.2544,25.77094,2013-05-18 14:32:41,-80.21191,25.77161,2013-05-18 14:45:40
BKMB45-2m5u1l,-80.25418,25.76506,2013-05-18 14:32:41,-80.25418,25.76506,2013-05-18 14:33:11
BJPI59-5p7i6l,-80.20269,25.7507,2013-05-18 14:37:41,-80.19635,25.75581,2013-05-19 01:35:41
BKLJ81-4o8t3q,-80.24148,25.72874,2013-05-18 14:38:10,-80.19388,25.75944,2013-05-18 15:01:11
BJPI39-6b6a0r,-80.23449,25.76442,2013-05-18 14:39:40,-80.19342,25.76131,2013-05-18 14:52:11
BKMB22-7a6c1d,-80.19465,25.76348,2013-05-18 14:42:41,-80.19511,25.7621,2013-05-18 18:48:11
BGDN93-7g2g0w,-80.1991,25.8004,2013-05-18 14:47:41,-80.19903,25.81031,2013-05-18 14:52:41
BGDN97-7l5g7j,-80.20456,25.77902,2013-05-18 14:48:11,-80.20455,25.77946,2013-05-18 15:11:40
BDNF75-5w5m4j,-80.18716,25.80165,2013-05-18 14:49:41,-80.18598,25.78957,2013-05-18 15:44:40
BKMB21-0s3l4j,-80.18791,25.7891,2013-05-18 14:51:11,-80.19026,25.80014,2013-05-19 00:13:41
BDNF18-2n8e1m,-80.25534,25.77223,2013-05-18 14:51:11,-80.25536,25.77224,2013-05-18 15:55:10
BDNF41-4n6u6k,-80.19286,25.8078,2013-05-18 14:55:41,-80.20083,25.80655,2013-05-19 14:21:11
BDNF47-7u7n2l,-80.18889,25.78906,2013-05-18 14:58:10,-80.19109,25.78491,2013-05-18 15:19:41
BDNF39-6g4e1c,-80.19383,25.7742,2013-05-18 15:00:11,-80.20796,25.77172,2013-05-18 15:06:11
BJPI56-7m7l5y,-80.18826,25.79415,2013-05-18 15:03:11,-80.21269,25.76524,2013-05-18 15:18:41
BGDN51-0k1q7c,-80.22068,25.74359,2013-05-18 15:03:11,-80.18525,25.83652,2013-05-18 15:22:11
BKMB08-4u3u5v,-80.15989,25.85139,2013-05-18 15:04:41,-80.21478,25.7762,2013-05-18 15:59:41
BKMB18-0e0r5k,-80.22039,25.7616,2013-05-18 15:05:41,-80.24561,25.72486,2013-05-18 15:43:42
BJPI58-1p5i5v,-80.15806,25.84924,2013-05-18 15:12:40,-80.15807,25.84923,2013-05-18 16:43:41
BJPI49-7n5p1g,-80.21211,25.76589,2013-05-18 15:13:41,-80.244,25.74408,2013-05-20 06:17:40
BKMB53-3j4u2p,-80.13881,25.79136,2013-05-18 15:13:41,-80.13881,25.79136,2013-05-18 16:45:40
BELV91-1d6p1h,-80.24917,25.77701,2013-05-18 15:14:10,-80.23047,25.76816,2013-05-18 15:25:41
BJPI48-7m2g6h,-80.18976,25.7651,2013-05-18 15:15:11,-80.18976,25.7651,2013-05-18 15:16:11
BJPI73-5j2a3w,-80.22837,25.7419,2013-05-18 15:15:41,-80.22837,25.7419,2013-05-18 15:16:11
BJPI48-0b5i6c,-80.18976,25.7651,2013-05-18 15:16:41,-80.13321,25.77506,2013-05-18 16:03:11
BJPI73-5t5v5a,-80.22837,25.7419,2013-05-18 15:16:41,-80.24932,25.73201,2013-05-18 15:43:42
BGDN97-2z6y3n,-80.20455,25.77946,2013-05-18 15:17:41,-80.19424,25.81338,2013-05-31 03:37:21
BKMB25-0z7f1a,-80.19734,25.76232,2013-05-18 15:21:11,-80.19579,25.76124,2013-05-18 15:28:10
BDNF28-8y8x5f,-80.13321,25.77506,2013-05-18 15:22:11,-80.18864,25.80519,2013-05-18 15:52:10
BDNF80-2s4y5h,-80.18826,25.79421,2013-05-18 15:24:11,-80.18826,25.79421,2013-05-18 15:25:10
BKMB03-3p4f1o,-80.22792,25.80789,2013-05-18 15:25:41,-80.22794,25.80789,2013-05-18 15:52:10
BDNF65-5d3s1w,-80.13321,25.77506,2013-05-18 15:25:41,-80.13321,25.77506,2013-05-18 16:18:11
BDNF80-4c5w4h,-80.18826,25.79421,2013-05-18 15:25:41,-80.19169,25.76875,2013-05-18 15:36:11
BKMB25-3n5v0r,-80.19579,25.76124,2013-05-18 15:29:11,-80.19579,25.76124,2013-05-18 16:01:10
118TAH-3w1r7z,-80.19394,25.78153,2013-05-18 15:31:10,-80.21302,25.80497,2013-05-18 15:42:41
BDNF57-1f5i6s,-80.13309,25.77551,2013-05-18 15:31:41,-80.2407,25.73,2013-05-18 16:10:41
BDNF76-3d4u0e,-80.19554,25.8405,2013-05-18 15:31:41,-80.18905,25.77611,2013-05-18 15:45:11
BDNF50-4v6g1n,-80.1919,25.8017,2013-05-18 15:35:41,-80.1919,25.8017,2013-05-18 15:36:11
BJPI25-3s4g6v,-80.13881,25.79136,2013-05-18 15:36:11,-80.18824,25.80029,2013-05-18 17:06:40
BGDK09-0v7e1g,-80.25405,25.74199,2013-05-18 15:36:11,-80.23896,25.74939,2013-05-18 15:41:11
BJPI26-7q7n3d,-80.24625,25.73626,2013-05-18 15:37:41,-80.2029,25.75866,2013-05-18 15:53:10
579TAI-6t3w8b,-80.18875,25.78906,2013-05-18 15:37:41,-80.23916,25.78,2013-05-18 15:53:10
BDNF76-5y6e3e,-80.18905,25.77611,2013-05-18 15:46:11,-80.25214,25.76424,2013-05-20 06:52:10
BJPI68-0t4d1d,-80.18901,25.80514,2013-05-18 15:48:11,-80.21422,25.80926,2013-05-18 15:58:10
BKLJ88-2m7z2l,-80.2536,25.75136,2013-05-18 15:49:10,-80.2536,25.75136,2013-05-18 16:10:41
BDNF15-4f0e0t,-80.20827,25.78332,2013-05-18 15:49:10,-80.19527,25.78369,2013-05-18 15:55:10
BKMB03-6n3p1k,-80.22794,25.80789,2013-05-18 15:53:41,-80.22784,25.8079,2013-05-18 16:00:11
BJPI68-1p8p2x,-80.21422,25.80926,2013-05-18 15:58:41,-80.21422,25.80926,2013-05-18 15:59:10
BGDK09-8d1m1c,-80.23896,25.74939,2013-05-18 15:59:10,-80.25402,25.74206,2013-05-18 16:04:41
365TAK-6e6y6u,-80.18652,25.79261,2013-05-18 16:01:10,-80.18652,25.79261,2013-05-18 16:01:41
BKMB25-7s8o7l,-80.19579,25.76124,2013-05-18 16:01:41,-80.19579,25.76124,2013-05-18 16:02:11
365TAK-2b1s1b,-80.18652,25.79261,2013-05-18 16:02:11,-80.18652,25.79261,2013-05-18 16:32:40
BJPI48-5w8j8q,-80.13321,25.77506,2013-05-18 16:03:41,-80.13321,25.77506,2013-05-18 16:07:41
579TAI-6t8g7b,-80.23916,25.78,2013-05-18 16:04:41,-80.18985,25.79293,2013-05-18 16:17:41
BKMB05-0c4e4f,-80.18822,25.79385,2013-05-18 16:06:11,-80.18822,25.79385,2013-05-18 16:14:10
BGDK18-5b5l3u,-80.18799,25.79406,2013-05-18 16:09:41,-80.18582,25.78954,2013-05-18 16:14:10
BGDN51-6h3f4o,-80.18525,25.83652,2013-05-18 16:10:10,-80.18525,25.83652,2013-05-18 16:11:10
BKMB41-4b4f8w,-80.25383,25.74904,2013-05-18 16:10:10,-80.25383,25.74904,2013-05-18 16:11:10
BKLJ88-1l1x5e,-80.2536,25.75136,2013-05-18 16:11:10,-80.2536,25.75136,2013-05-18 16:11:41
BDNF57-2k4y0s,-80.2407,25.73,2013-05-18 16:11:10,-80.2407,25.73,2013-05-18 16:11:41
BGDN51-6q8d6f,-80.18525,25.83652,2013-05-18 16:11:41,-80.19724,25.84238,2013-05-18 16:19:41
BKMB41-2b5q2e,-80.25383,25.74904,2013-05-18 16:11:41,-80.13881,25.79136,2013-05-18 16:53:40
BGDK18-1s1f7e,-80.18582,25.78954,2013-05-18 16:14:41,-80.18582,25.78954,2013-05-18 16:15:40
BKMB45-4o5v1p,-80.25418,25.76506,2013-05-18 16:15:40,-80.22146,25.76573,2013-05-18 16:26:41
BDNF40-2q7p5g,-80.18817,25.79406,2013-05-18 16:15:40,-80.19967,25.81865,2013-05-18 16:39:41
BKMB37-5k3l3k,-80.19984,25.79952,2013-05-18 16:16:41,-80.19966,25.79948,2013-05-18 19:49:41
BDNF47-1t1j8y,-80.19109,25.78491,2013-05-18 16:17:41,-80.19114,25.78482,2013-05-18 16:52:10
BJPI51-1c2d0v,-80.18819,25.79408,2013-05-18 16:18:11,-80.18703,25.82872,2013-05-18 16:29:41
BDNF56-2f3m3r,-80.20183,25.81401,2013-05-18 16:18:11,-80.13881,25.79136,2013-05-18 17:44:10
BKMB18-2u1h8b,-80.24561,25.72486,2013-05-18 16:19:11,-80.13881,25.79136,2013-05-18 16:46:41
BGDK19-3m4p7y,-80.19712,25.82637,2013-05-18 16:19:11,-80.19659,25.80826,2013-05-18 16:39:41
BJPI56-8t6v3o,-80.21269,25.76524,2013-05-18 16:19:41,-80.21102,25.75705,2013-05-18 16:43:41
BKLJ92-5s2z2k,-80.18782,25.78918,2013-05-18 16:22:10,-80.19145,25.7752,2013-05-18 17:27:11
BGDK21-7d2c1h,-80.18883,25.80869,2013-05-18 16:22:41,-80.18606,25.84762,2013-05-18 16:43:11
BKMB16-0l3x2c,-80.25546,25.77975,2013-05-18 16:26:41,-80.18482,25.83968,2013-05-18 16:55:41
BDNF28-7d7l1x,-80.18864,25.80519,2013-05-18 16:27:41,-80.19625,25.77404,2013-05-18 16:48:41
BGDN94-4i3y1i,-80.19347,25.81289,2013-05-18 16:29:41,-80.20185,25.81403,2013-05-18 20:14:41
362YLN-0k2z3d,-80.20257,25.75023,2013-05-18 16:30:40,-80.20257,25.75023,2013-05-18 16:32:40
BGDN53-2n0y4r,-80.1989,25.76219,2013-05-18 16:30:40,-80.194,25.78233,2013-05-18 16:46:41
BGDK11-3e5n8w,-80.21171,25.80503,2013-05-18 16:31:41,-80.21735,25.80173,2013-05-18 16:35:41
BDNF21-1c7r2d,-80.19897,25.76469,2013-05-18 16:32:40,-80.19472,25.76164,2013-05-19 15:55:41
BGDK11-3k4x7h,-80.21735,25.80173,2013-05-18 16:36:11,-80.21735,25.80173,2013-05-18 16:36:41
BGDN99-8o5a3y,-80.19004,25.76379,2013-05-18 16:38:40,-80.19004,25.76379,2013-05-18 17:10:41
BDNF54-1p0k2o,-80.18652,25.80235,2013-05-18 16:39:11,-80.18715,25.80166,2013-05-18 18:54:11
BGDN50-5u0v7r,-80.18602,25.84762,2013-05-18 16:39:41,-80.18434,25.83301,2013-05-18 20:47:41
BKMB42-3e7a5z,-80.19278,25.76328,2013-05-18 16:41:10,-80.13881,25.79136,2013-05-18 17:12:11
341YLN-7c8g5o,-80.19508,25.77158,2013-05-18 16:41:41,-80.13881,25.79136,2013-05-18 17:06:11
BJPI58-7b7l7q,-80.15807,25.84923,2013-05-18 16:44:10,-80.15807,25.84923,2013-05-18 16:45:40
BKMB45-0o7v5m,-80.22146,25.76573,2013-05-18 16:45:40,-80.22144,25.76572,2013-05-18 16:47:41
BDNF51-8z3e8g,-80.25348,25.73711,2013-05-18 16:45:40,-80.25348,25.73711,2013-05-18 17:17:40
BGDN93-4u1y6s,-80.19903,25.81031,2013-05-18 16:46:41,-80.22172,25.80775,2013-05-18 16:58:41
BKMB25-3j8h1q,-80.19579,25.76124,2013-05-18 16:47:10,-80.19651,25.76433,2013-05-18 16:58:10
BDNF46-2h2k0i,-80.23321,25.75891,2013-05-18 16:48:11,-80.2332,25.76055,2013-05-18 16:51:11
BGDN55-0o4b3a,-80.23325,25.75889,2013-05-18 16:48:41,-80.23197,25.76101,2013-05-18 16:51:11
BKLJ96-6h2e7r,-80.18813,25.78908,2013-05-18 16:51:11,-80.2156,25.76546,2013-05-20 16:44:41
365TAK-7v4e8i,-80.18652,25.79261,2013-05-18 16:51:11,-80.19364,25.76156,2013-05-18 17:39:11
BDNF02-2c5r6m,-80.18815,25.78908,2013-05-18 16:52:10,-80.25211,25.73545,2013-05-18 17:16:10
BGDK21-2l3g1m,-80.18606,25.84762,2013-05-18 16:52:41,-80.18606,25.84764,2013-05-18 17:19:10
BKLJ95-8g3f3h,-80.23417,25.75081,2013-05-18 16:57:11,-80.19291,25.76275,2013-05-18 17:23:40
BJPI67-1x5b8c,-80.19387,25.80701,2013-05-18 17:01:11,-80.19387,25.80701,2013-05-18 17:32:41
BGDN93-5k1m6b,-80.22172,25.80775,2013-05-18 17:01:11,-80.19812,25.80579,2013-05-18 17:09:11
BGDK13-8d2d5u,-80.18974,25.84583,2013-05-18 17:08:41,-80.19354,25.80914,2013-05-18 17:19:41
BJPI70-8h8h4r,-80.23831,25.7355,2013-05-18 17:10:41,-80.23948,25.72948,2013-05-18 17:15:40
BDNF17-4j8c1o,-80.20266,25.7504,2013-05-18 17:10:41,-80.20841,25.75415,2013-05-18 17:23:10
BJPI25-8o1r5x,-80.18824,25.80029,2013-05-18 17:11:10,-80.23001,25.76496,2013-06-10 03:28:47
BJPI63-5q4w5n,-80.20057,25.79945,2013-05-18 17:12:11,-80.19822,25.79911,2013-05-18 17:14:11
BDNF50-8j3w2b,-80.1919,25.8017,2013-05-18 17:12:41,-80.19512,25.80615,2013-05-18 19:20:41
BKMB12-2c7k0s,-80.19715,25.79415,2013-05-18 17:13:41,-80.13321,25.77506,2013-05-18 17:35:10
BKMB40-0r1j8c,-80.19525,25.76563,2013-05-18 17:14:11,-80.19525,25.76563,2013-05-18 17:26:40
362YLN-3y4x1y,-80.20257,25.75023,2013-05-18 17:16:41,-80.20257,25.75023,2013-05-18 17:17:10
BDNF01-2j8l2k,-80.23277,25.76523,2013-05-18 17:17:40,-80.22047,25.76539,2013-05-18 17:23:40
BKMB50-2a1u5h,-80.20386,25.75088,2013-05-18 17:18:11,-80.20386,25.75088,2013-05-18 17:19:10
BDNF78-6o8d6k,-80.21525,25.76223,2013-05-18 17:19:10,-80.24096,25.72995,2013-05-18 17:54:40
BGDK13-5o4r0u,-80.19354,25.80914,2013-05-18 17:20:10,-80.19354,25.80914,2013-05-18 17:20:41
BDNF51-3o3g3e,-80.25348,25.73711,2013-05-18 17:21:41,-80.24702,25.75083,2013-05-18 17:29:41
BKLJ95-0u1l6r,-80.19291,25.76275,2013-05-18 17:26:40,-80.19291,25.76275,2013-05-18 17:57:40
BKMB25-8d1c4m,-80.19651,25.76433,2013-05-18 17:27:41,-80.24418,25.72811,2013-05-18 17:44:10
BDNF04-0n7e7y,-80.19186,25.76881,2013-05-18 17:29:41,-80.19186,25.76881,2013-05-18 17:31:10
BDNF51-7c5q7i,-80.24702,25.75083,2013-05-18 17:31:10,-80.24702,25.75083,2013-05-18 17:31:41
BGDK07-1m2v2c,-80.18819,25.79407,2013-05-18 17:31:41,-80.18819,25.79407,2013-05-18 18:03:11
BDNF04-2w8k3t,-80.19186,25.76881,2013-05-18 17:31:41,-80.19621,25.77175,2013-05-18 18:03:11
BJPI48-3q8b0n,-80.13321,25.77506,2013-05-18 17:35:41,-80.13321,25.77506,2013-05-18 17:37:10
BJPI48-4y5q7s,-80.13321,25.77506,2013-05-18 17:37:41,-80.13321,25.77506,2013-05-18 17:38:41
BJPI48-7q8j1s,-80.13321,25.77506,2013-05-18 17:39:11,-80.13321,25.77506,2013-05-18 19:06:40
BDNF21-1g3j8c,-80.19896,25.76469,2013-05-18 17:41:41,-80.19843,25.76533,2013-05-18 20:05:41
BGDN49-4z5w4t,-80.19387,25.80707,2013-05-18 17:43:10,-80.19905,25.80023,2013-05-18 17:50:41
BELV95-4t0p4d,-80.18965,25.79913,2013-05-18 17:50:41,-80.21935,25.7595,2013-05-18 18:19:41
BGDK19-1x2c3a,-80.19659,25.80826,2013-05-18 17:53:40,-80.19659,25.80826,2013-05-18 18:25:41
BKMB23-4d3v6v,-80.23424,25.751,2013-05-18 17:56:11,-80.23426,25.75097,2013-05-18 18:36:41
BJPI25-6e0q7l,-80.18826,25.80025,2013-05-18 17:57:11,-80.19953,25.76914,2013-05-18 18:24:41
BKLJ95-8y0o4c,-80.19291,25.76275,2013-05-18 17:58:41,-80.19291,25.76275,2013-05-18 17:59:10
BDNF51-4y0g1r,-80.24702,25.75083,2013-05-18 18:01:41,-80.25434,25.75039,2013-05-18 18:20:10
BGDK02-2c4p2s,-80.20195,25.84686,2013-05-18 18:06:11,-80.18613,25.84765,2013-05-18 18:16:11
BDNF75-2y2q7j,-80.18598,25.78957,2013-05-18 18:11:40,-80.20839,25.80487,2013-05-18 18:38:11
BJPI51-5c7b2z,-80.18703,25.82872,2013-05-18 18:14:41,-80.19211,25.76621,2013-05-18 18:33:11
BKMB12-5h0u3b,-80.13321,25.77506,2013-05-18 18:16:11,-80.19505,25.80345,2013-05-18 18:42:42
BKMB40-6w8g5c,-80.19525,25.76563,2013-05-18 18:19:10,-80.19056,25.76145,2013-05-18 18:23:40
BGDN51-4m4f1h,-80.19724,25.84238,2013-05-18 18:19:41,-80.18618,25.83819,2013-05-18 18:27:11
BKLJ95-7n7r2s,-80.19291,25.76275,2013-05-18 18:21:11,-80.13881,25.79136,2013-05-18 23:18:11
327YLN-7h4v1s,-80.22034,25.7619,2013-05-18 18:21:11,-80.2204,25.76162,2013-05-18 18:29:41
BGDN99-2j3c3n,-80.19004,25.76379,2013-05-18 18:21:41,-80.1951,25.80193,2013-05-18 18:51:11
BKMB40-7y6z5c,-80.19056,25.76145,2013-05-18 18:24:11,-80.19056,25.76145,2013-05-18 18:24:41
BDNF04-4s0t3j,-80.19621,25.77175,2013-05-18 18:24:41,-80.19503,25.80427,2013-05-18 18:42:42
BKMB40-7z7u5o,-80.19056,25.76145,2013-05-18 18:25:41,-80.13321,25.77506,2013-05-18 19:06:40
BKLJ83-4s8h7g,-80.19585,25.7625,2013-05-18 18:26:41,-80.21125,25.76491,2013-05-18 18:35:11
BJPI29-3r2k8m,-80.23597,25.74333,2013-05-18 18:28:41,-80.24624,25.74918,2013-05-18 18:33:11
BDNF51-2o7q8m,-80.25434,25.75039,2013-05-18 18:28:41,-80.25434,25.75039,2013-05-18 19:00:11
BGDK13-1l2n0q,-80.19354,25.80914,2013-05-18 18:34:41,-80.19068,25.84649,2013-05-18 19:01:41
BDNF44-4v6j0b,-80.19454,25.80762,2013-05-18 18:35:11,-80.18994,25.79299,2013-05-20 10:55:11
BDNF56-3p4s8r,-80.13881,25.79136,2013-05-18 18:35:40,-80.20241,25.81403,2013-05-18 19:29:11
BKMB23-5s2h7h,-80.23426,25.75097,2013-05-18 18:37:41,-80.23426,25.75097,2013-05-18 18:38:11
BKMB51-0r6s4m,-80.24953,25.78114,2013-05-18 18:38:11,-80.24907,25.78069,2013-05-18 18:54:11
BKMB45-1r1k2o,-80.22144,25.76572,2013-05-18 18:38:11,-80.238,25.76491,2013-05-18 18:46:41
BELV94-0u3m8g,-80.23801,25.74151,2013-05-18 18:38:11,-80.24059,25.78326,2013-05-18 18:46:41
BGDK07-4l8z3w,-80.18819,25.79407,2013-05-18 18:41:41,-80.18783,25.79322,2013-05-19 00:17:40
BELV98-0x2l2n,-80.18623,25.78974,2013-05-18 18:43:41,-80.18963,25.79229,2013-05-18 18:47:10
BDNF06-7l3y7f,-80.19587,25.76149,2013-05-18 18:45:11,-80.1526,25.8472,2013-05-18 19:08:11
BKMB12-0a2e3l,-80.19505,25.80345,2013-05-18 18:48:40,-80.18564,25.77282,2013-05-22 10:03:41
BDNF18-6a6h5r,-80.25536,25.77224,2013-05-18 18:50:10,-80.24496,25.77374,2013-05-18 18:55:41
BDNF54-6b1i8s,-80.18715,25.80166,2013-05-18 18:55:11,-80.18715,25.80166,2013-05-18 18:55:41
BKMB51-3o2g8o,-80.24907,25.78069,2013-05-18 18:55:11,-80.24907,25.78069,2013-05-18 18:55:41
BJPI55-6s6h1x,-80.19183,25.76875,2013-05-18 18:56:11,-80.19665,25.7715,2013-05-18 19:00:40
BKLJ88-1g8p2y,-80.2536,25.75136,2013-05-18 19:01:41,-80.2536,25.75136,2013-05-18 19:32:41
BGDK01-3m8y1t,-80.18622,25.78954,2013-05-18 19:01:41,-80.18916,25.81775,2013-05-18 19:12:11
BGDK17-5d1n0d,-80.2532,25.75743,2013-05-18 19:05:11,-80.13321,25.77506,2013-05-18 20:44:41
BGDN85-0j3w3v,-80.17287,25.78373,2013-05-18 19:08:11,-80.20018,25.80009,2013-05-18 19:39:11
BJPI54-5x1b3o,-80.13881,25.79136,2013-05-18 19:10:10,-80.19627,25.77195,2013-05-18 19:55:41
BELV98-5i6b6x,-80.18963,25.79229,2013-05-18 19:10:10,-80.18632,25.78955,2013-05-18 19:13:41
BGDN53-8j0n6p,-80.194,25.78233,2013-05-18 19:11:11,-80.13881,25.79136,2013-05-18 19:33:41
BKMB05-3t2s8w,-80.18822,25.79385,2013-05-18 19:12:41,-80.19356,25.76357,2013-05-18 19:37:41
BDNF78-3r5o4r,-80.24096,25.72995,2013-05-18 19:15:11,-80.23458,25.73706,2013-05-18 19:20:41
BKMB40-6c8r3b,-80.13321,25.77506,2013-05-18 19:16:41,-80.13321,25.77506,2013-05-18 19:20:41
BJPI51-4y6t0s,-80.19211,25.76621,2013-05-18 19:17:41,-80.13881,25.79136,2013-05-18 20:01:11
BDNF15-5p4e3p,-80.19527,25.78369,2013-05-18 19:20:41,-80.20927,25.78185,2013-05-18 19:28:11
BJPI48-7c3w0q,-80.13321,25.77506,2013-05-18 19:21:11,-80.13321,25.77506,2013-05-18 19:24:40
BDNF51-8o7f6i,-80.25434,25.75039,2013-05-18 19:24:40,-80.25384,25.73706,2013-05-18 19:30:41
BDNF54-4x2t4g,-80.18715,25.80166,2013-05-18 19:26:41,-80.19902,25.79974,2013-05-18 19:38:11
BELV91-8t3i0d,-80.23047,25.76816,2013-05-18 19:26:41,-80.23318,25.76719,2013-05-18 19:35:41
BKLJ85-3o7j8z,-80.24939,25.73704,2013-05-18 19:30:41,-80.24826,25.73699,2013-05-18 19:32:41
BELV92-7c4x3n,-80.25011,25.74918,2013-05-18 19:33:41,-80.19517,25.76408,2013-05-18 19:51:40
BKLJ98-6f6z8u,-80.25332,25.74907,2013-05-18 19:36:41,-80.25332,25.74907,2013-05-18 20:07:41
BKMB42-2o2u3y,-80.13881,25.79136,2013-05-18 19:36:41,-80.19027,25.77654,2013-05-18 19:55:11
BKLJ92-7u3x4a,-80.19145,25.7752,2013-05-18 19:38:41,-80.13881,25.79136,2013-05-18 20:56:11
BDNF39-7m4s3i,-80.20796,25.77172,2013-05-18 19:38:41,-80.18899,25.75903,2013-05-18 19:57:41
BGDN85-3t4z4z,-80.20018,25.80009,2013-05-18 19:39:40,-80.20018,25.80009,2013-05-18 19:40:11
BKMB08-1a8p6t,-80.21478,25.7762,2013-05-18 19:40:41,-80.21485,25.77781,2013-05-18 19:51:40
BGDN49-2w8q2u,-80.19905,25.80023,2013-05-18 19:46:10,-80.19143,25.77517,2013-05-18 20:01:41
BDNF64-1b6i2k,-80.19316,25.78386,2013-05-18 19:52:41,-80.1933,25.78747,2013-05-18 20:13:10
BJPI35-7z4a4s,-80.2208,25.7472,2013-05-18 19:53:41,-80.19651,25.80891,2013-05-18 20:25:10
BJPI47-1a5z7x,-80.19201,25.7574,2013-05-18 19:53:41,-80.19487,25.76544,2013-05-18 20:11:41
BJPI39-1f8u2n,-80.19342,25.76131,2013-05-18 19:53:41,-80.19453,25.76351,2013-05-18 20:16:41
BKMB42-6i2t6d,-80.19027,25.77654,2013-05-18 19:56:41,-80.19027,25.77654,2013-05-18 19:57:11
BJPI54-8a7n4y,-80.19627,25.77195,2013-05-18 19:56:41,-80.19627,25.77195,2013-05-18 19:57:11
BGDK19-7g8t5d,-80.19659,25.80826,2013-05-18 19:59:41,-80.19705,25.82632,2013-05-18 20:11:41
BJPI51-3v5f1p,-80.13881,25.79136,2013-05-18 20:02:10,-80.13881,25.79136,2013-05-18 20:02:41
BGDN49-4l3i6d,-80.19143,25.77517,2013-05-18 20:02:10,-80.19143,25.77517,2013-05-18 20:02:41
BKMB42-8t8l0j,-80.19027,25.77654,2013-05-18 20:04:41,-80.13881,25.79136,2013-05-18 20:48:11
BGDK20-4q5i2i,-80.19336,25.80678,2013-05-18 20:07:41,-80.18605,25.84769,2013-05-18 20:16:41
BDNF80-7p1p4a,-80.19169,25.76875,2013-05-18 20:08:11,-80.1905,25.7603,2013-05-18 20:23:10
BKMB47-3t7a0j,-80.23604,25.74188,2013-05-18 20:14:41,-80.22562,25.74528,2013-05-18 20:21:40
BDNF56-1q5i2x,-80.20241,25.81403,2013-05-18 20:16:41,-80.20184,25.81403,2013-05-18 20:18:40
BJPI47-5y8j7c,-80.19487,25.76544,2013-05-18 20:17:41,-80.20569,25.76362,2013-05-18 20:26:41
BKLJ88-0d0o5n,-80.2536,25.75136,2013-05-18 20:17:41,-80.21605,25.7745,2013-05-18 20:29:41
BJPI30-0q2i3u,-80.22454,25.7658,2013-05-18 20:18:40,-80.22454,25.7658,2013-05-18 20:20:40
BDNF56-4j4u8a,-80.20184,25.81403,2013-05-18 20:20:40,-80.20184,25.81403,2013-05-18 20:21:11
BJPI30-7q5v8l,-80.22454,25.7658,2013-05-18 20:21:11,-80.22457,25.76582,2013-05-18 21:13:41
BDNF06-2j7b4u,-80.1526,25.8472,2013-05-18 20:23:10,-80.19745,25.75904,2013-05-18 20:44:41
BDNF72-3v3z7e,-80.19086,25.76806,2013-05-18 20:23:10,-80.19014,25.76863,2013-05-18 20:28:41
BDNF43-2i3m1w,-80.25553,25.77973,2013-05-18 20:25:10,-80.21418,25.80812,2013-05-18 20:41:40
BDNF28-7l4y6l,-80.19625,25.77404,2013-05-18 20:25:10,-80.18855,25.80506,2013-05-18 20:52:41
BKMB07-7y2x8r,-80.19556,25.78384,2013-05-18 20:31:41,-80.19042,25.76858,2013-05-18 20:52:10
BJPI70-5i5y7o,-80.23948,25.72948,2013-05-18 20:34:41,-80.23841,25.73552,2013-05-18 20:38:10
BKMB39-5k7k6y,-80.18843,25.79815,2013-05-18 20:40:41,-80.20426,25.76869,2013-05-18 21:25:11
BJPI43-3t0i4n,-80.20744,25.8161,2013-05-18 20:42:41,-80.20749,25.81607,2013-05-18 21:27:41
BDNF57-6z6d0e,-80.2407,25.73,2013-05-18 20:44:10,-80.2317,25.75814,2013-05-18 21:37:10
BDNF80-6a8y3l,-80.1905,25.7603,2013-05-18 20:44:41,-80.19045,25.76851,2013-05-18 20:53:40
BKMB25-2l2n0u,-80.24418,25.72811,2013-05-18 20:47:10,-80.24418,25.72811,2013-05-18 20:50:41
029TAJ-1f4g1w,-80.23321,25.75881,2013-05-18 20:51:41,-80.19227,25.79895,2013-05-18 21:12:41
BELV98-1g4g6a,-80.18632,25.78955,2013-05-18 20:51:41,-80.19027,25.77663,2013-05-18 21:02:10
BGDN96-4u3b8v,-80.20451,25.77822,2013-05-18 20:52:10,-80.20376,25.77755,2013-05-18 20:54:11
BKLJ89-2s1f7q,-80.19737,25.82599,2013-05-18 20:52:41,-80.21303,25.7744,2013-05-18 21:04:41
BGDN99-7y0l4e,-80.1951,25.80193,2013-05-18 20:52:41,-80.1951,25.80193,2013-05-18 20:57:40
BKLJ98-4i0k5v,-80.25332,25.74907,2013-05-18 20:53:40,-80.13881,25.79136,2013-05-18 21:31:10
BGDN96-1p2x3n,-80.20376,25.77755,2013-05-18 20:57:11,-80.20916,25.76627,2013-05-18 21:19:11
BDNF72-5n8r8t,-80.19014,25.76863,2013-05-18 20:58:41,-80.13321,25.77506,2013-05-18 21:49:11
BDNF54-5i3h6q,-80.19902,25.79974,2013-05-18 20:59:41,-80.19304,25.78879,2013-05-18 21:10:10
BDNF08-3d6x0e,-80.245,25.72566,2013-05-18 20:59:41,-80.23866,25.73879,2013-05-18 21:07:11
BGDK08-0w7b8m,-80.23802,25.74167,2013-05-18 21:01:10,-80.18976,25.76217,2013-05-18 21:14:41
579TAI-1e2d6c,-80.18985,25.79293,2013-05-18 21:01:10,-80.18813,25.79397,2013-05-19 03:39:11
BKMB12-3a2o7d,-80.19517,25.80344,2013-05-18 21:01:10,-80.19032,25.8094,2013-05-18 21:08:41
BJPI61-1n3k6y,-80.18622,25.78955,2013-05-18 21:02:10,-80.18924,25.82541,2013-05-18 21:12:11
BKLJ89-7s1l3v,-80.21303,25.7744,2013-05-18 21:05:11,-80.21303,25.7744,2013-05-18 21:05:40
BDNF17-3m4k7u,-80.20841,25.75415,2013-05-18 21:12:41,-80.23948,25.73058,2013-05-18 21:25:41
BKLJ89-8j6a4p,-80.21303,25.7744,2013-05-18 21:15:11,-80.21299,25.77476,2013-05-18 21:38:41
365TAK-4o8a0p,-80.19364,25.76156,2013-05-18 21:17:40,-80.1893,25.8254,2013-05-18 21:34:41
BKMB53-4z8s1f,-80.13881,25.79136,2013-05-18 21:21:11,-80.19125,25.77525,2013-05-20 05:50:41
BKMB12-7r0b4c,-80.19032,25.8094,2013-05-18 21:21:41,-80.20045,25.80149,2013-05-18 21:29:41
BGDN97-4a6d1o,-80.20455,25.77948,2013-05-18 21:22:10,-80.19,25.83241,2013-05-18 21:45:11
029TAJ-6d3q0q,-80.19227,25.79895,2013-05-18 21:23:41,-80.19227,25.79895,2013-05-18 21:24:40
029TAJ-0r7i5v,-80.19227,25.79895,2013-05-18 21:25:11,-80.19263,25.76412,2013-05-18 21:38:10
BGDK04-8q8d7k,-80.19092,25.8148,2013-05-18 21:31:41,-80.19092,25.8148,2013-05-18 22:03:11
BKMB05-2z8d8s,-80.19356,25.76357,2013-05-18 21:32:41,-80.18777,25.7726,2013-05-18 22:10:11
BKLJ94-0l0c1d,-80.24497,25.73173,2013-05-18 21:35:41,-80.24497,25.73173,2013-05-18 21:36:41
BKLJ94-2k2i1p,-80.24497,25.73173,2013-05-18 21:37:10,-80.19427,25.76541,2013-05-18 22:12:40
BELV98-2r7i7t,-80.19027,25.77663,2013-05-18 21:37:10,-80.19031,25.77663,2013-05-18 21:55:41
BKMB37-8o4b2l,-80.19966,25.79948,2013-05-18 21:39:11,-80.18854,25.77474,2013-05-18 21:51:11
BGDN49-1b1z5d,-80.19143,25.77517,2013-05-18 21:42:40,-80.13321,25.77506,2013-05-18 22:05:41
BJPI28-6i5d2j,-80.15271,25.84723,2013-05-18 21:45:11,-80.14882,25.84488,2013-05-18 22:39:11
BJPI42-2y0m3x,-80.19522,25.76581,2013-05-18 21:45:11,-80.21188,25.75323,2013-05-18 21:52:11
BDNF80-3n0x1d,-80.19045,25.76851,2013-05-18 21:45:11,-80.18868,25.79484,2013-05-18 21:55:41
BJPI67-2p2n2d,-80.19387,25.80701,2013-05-18 21:48:11,-80.19328,25.80968,2013-05-18 21:52:41
BJPI63-8x6m4l,-80.19822,25.79911,2013-05-18 21:49:11,-80.19339,25.76101,2013-05-18 22:03:40
BKMB25-3n4r5i,-80.24418,25.72811,2013-05-18 21:51:11,-80.19624,25.76438,2013-05-18 22:07:11
BDNF72-7d0q1d,-80.13321,25.77506,2013-05-18 21:51:11,-80.19002,25.76304,2013-05-18 22:15:11
BGDN97-4o5u2m,-80.19,25.83241,2013-05-18 22:00:40,-80.19624,25.8082,2013-05-18 22:56:40
BGDN49-2m4e8e,-80.13321,25.77506,2013-05-18 22:06:11,-80.13321,25.77506,2013-05-18 22:06:41
BDNF06-0e3g2d,-80.19745,25.75904,2013-05-18 22:07:11,-80.13321,25.77506,2013-05-19 01:13:41
BGDK04-1e4d2d,-80.19092,25.8148,2013-05-18 22:08:10,-80.20532,25.75823,2013-05-18 22:25:10
BDNF04-5x4d7y,-80.19503,25.80427,2013-05-18 22:15:11,-80.19633,25.80899,2013-05-18 22:18:11
BKMB07-4g1v1a,-80.19042,25.76858,2013-05-18 22:16:11,-80.19892,25.76253,2013-05-18 22:25:10
BJPI67-0r2z0p,-80.19328,25.80968,2013-05-18 22:16:41,-80.14848,25.84543,2013-05-18 22:31:11
BJPI56-2m4v7d,-80.21102,25.75705,2013-05-18 22:20:10,-80.21285,25.7673,2013-05-18 23:08:10
BKMB51-0b6s8s,-80.24907,25.78069,2013-05-18 22:22:10,-80.24907,25.78069,2013-05-18 22:22:41
BDNF11-2c3z8x,-80.25409,25.78006,2013-05-18 22:22:10,-80.25412,25.78,2013-05-18 22:32:11
BLQR01-3h1s8x,-80.20537,25.75839,2013-05-18 22:24:11,-80.20537,25.75839,2013-05-18 22:35:11
BDNF47-3m5h1t,-80.19114,25.78482,2013-05-18 22:24:11,-80.19409,25.76066,2013-05-18 22:38:40
BELV92-3j6y6k,-80.19517,25.76408,2013-05-18 22:29:10,-80.19235,25.78337,2013-05-18 22:48:11
BGDK12-2a5y7b,-80.19754,25.81519,2013-05-18 22:33:12,-80.13321,25.77506,2013-05-18 22:58:11
BKMB10-4h6j8n,-80.13881,25.79136,2013-05-18 22:33:40,-80.22332,25.76086,2013-05-18 22:56:40
BGDK04-5e6b4m,-80.20532,25.75823,2013-05-18 22:35:11,-80.20532,25.75823,2013-05-18 22:35:40
BLQR01-5k0a3x,-80.20537,25.75839,2013-05-18 22:35:40,-80.20537,25.75839,2013-05-18 22:36:11
BGDK04-3u2o4x,-80.20532,25.75823,2013-05-18 22:36:11,-80.20549,25.7569,2013-05-18 23:02:41
BJPI28-1a5p5l,-80.14882,25.84488,2013-05-18 22:40:11,-80.14882,25.84488,2013-05-18 22:40:41
BKLJ94-4w4v5k,-80.19427,25.76541,2013-05-18 22:40:41,-80.19795,25.75917,2013-05-18 22:46:11
BKLJ83-7u4p6j,-80.21125,25.76491,2013-05-18 22:43:41,-80.19286,25.81341,2013-05-18 22:53:10
BJPI63-0q6e6c,-80.19339,25.76101,2013-05-18 22:47:10,-80.20992,25.77466,2013-05-18 22:56:40
BKMB37-2n3t6c,-80.18854,25.77474,2013-05-18 22:54:40,-80.18854,25.77474,2013-05-18 22:55:11
BJPI54-7k6n1y,-80.19627,25.77195,2013-05-18 22:55:41,-80.19223,25.78396,2013-05-19 02:33:11
BKMB37-7f6k2v,-80.18854,25.77474,2013-05-18 22:55:41,-80.21327,25.76868,2013-05-18 23:24:11
326YLN-2e1h1p,-80.19583,25.79724,2013-05-18 22:58:11,-80.19583,25.79724,2013-05-18 22:59:41
BKLJ98-5u8y4d,-80.13881,25.79136,2013-05-18 22:59:41,-80.13881,25.79136,2013-05-18 23:46:41
BDNF64-5d0p4l,-80.1933,25.78747,2013-05-18 22:59:41,-80.18965,25.79057,2013-05-18 23:05:11
BGDN50-5t6l2f,-80.18434,25.83301,2013-05-18 23:01:41,-80.18624,25.83278,2013-05-18 23:47:11
BKMB20-7v3s2z,-80.21531,25.76531,2013-05-18 23:07:41,-80.21995,25.76577,2013-05-18 23:18:11
BJPI56-4b6j4s,-80.21285,25.7673,2013-05-18 23:09:10,-80.21285,25.7673,2013-05-18 23:09:40
BJPI56-3u2a6k,-80.21285,25.7673,2013-05-18 23:10:42,-80.21285,25.7673,2013-05-18 23:11:11
BDNF69-1u6j1v,-80.19528,25.7662,2013-05-18 23:13:41,-80.23656,25.75823,2013-05-18 23:31:41
BDNF65-0p2n1w,-80.13321,25.77506,2013-05-18 23:13:41,-80.18857,25.79401,2013-05-19 08:55:11
029TAJ-5k7d5p,-80.19263,25.76412,2013-05-18 23:15:41,-80.19263,25.76412,2013-05-18 23:17:10
029TAJ-6j3d0l,-80.19263,25.76412,2013-05-18 23:18:11,-80.18872,25.77348,2013-05-18 23:26:41
BDNF50-7n8i3t,-80.19512,25.80615,2013-05-18 23:18:11,-80.19512,25.80615,2013-05-18 23:48:11
BKMB20-5p0i6p,-80.21995,25.76577,2013-05-18 23:19:41,-80.21995,25.76577,2013-05-18 23:24:11
BGDK11-1n5k5q,-80.21735,25.80173,2013-05-18 23:30:11,-80.21174,25.80503,2013-05-18 23:34:10
BGDK11-1t2g3w,-80.21174,25.80503,2013-05-18 23:35:42,-80.21174,25.80503,2013-05-18 23:36:11
BKMB12-3g0l2p,-80.20045,25.80149,2013-05-18 23:40:41,-80.20045,25.80149,2013-05-18 23:41:41
BGDN54-5q1m4l,-80.18271,25.83277,2013-05-18 23:42:40,-80.19365,25.78472,2013-05-18 23:59:40
BKLJ95-8u7q6e,-80.13881,25.79136,2013-05-18 23:45:11,-80.18857,25.77475,2013-05-19 00:16:41
BELV97-8l1n1v,-80.24487,25.72572,2013-05-18 23:48:11,-80.19578,25.78219,2013-05-19 00:10:41
BGDK17-4n3h3d,-80.13321,25.77506,2013-05-18 23:48:11,-80.18775,25.80098,2013-05-19 00:12:41
BDNF01-6p3f4q,-80.22047,25.76539,2013-05-18 23:57:41,-80.25211,25.76366,2013-05-19 00:22:11
